Unity Editor version:    2022.3.14f1 (eff2de9070d8)
Branch:                  2022.3/staging
Build type:              Release
Batch mode:              YES
macOS version:           Version 15.3 (Build 24D60)
Darwin version:          24.3.0
Architecture:            arm64
Running under Rosetta:   NO
Available memory:        16384 MB
Using pre-set license
Pro License: YES

COMMAND LINE ARGUMENTS:
/Applications/Unity/Hub/Editor/2022.3.14f1/Unity.app/Contents/MacOS/Unity
-adb2
-batchMode
-noUpm
-name
AssetImportWorker1
-projectPath
/Users/racheloh/Desktop/csci526/paired-prototype-skill-limited/Paired Prototype
-logFile
Logs/AssetImportWorker1.log
-srvPort
56205
Successfully changed project path to: /Users/racheloh/Desktop/csci526/paired-prototype-skill-limited/Paired Prototype
/Users/racheloh/Desktop/csci526/paired-prototype-skill-limited/Paired Prototype
[UnityMemory] Configuration Parameters - Can be set up in boot.config
    "memorysetup-bucket-allocator-granularity=16"
    "memorysetup-bucket-allocator-bucket-count=8"
    "memorysetup-bucket-allocator-block-size=33554432"
    "memorysetup-bucket-allocator-block-count=8"
    "memorysetup-main-allocator-block-size=16777216"
    "memorysetup-thread-allocator-block-size=16777216"
    "memorysetup-gfx-main-allocator-block-size=16777216"
    "memorysetup-gfx-thread-allocator-block-size=16777216"
    "memorysetup-cache-allocator-block-size=4194304"
    "memorysetup-typetree-allocator-block-size=2097152"
    "memorysetup-profiler-bucket-allocator-granularity=16"
    "memorysetup-profiler-bucket-allocator-bucket-count=8"
    "memorysetup-profiler-bucket-allocator-block-size=33554432"
    "memorysetup-profiler-bucket-allocator-block-count=8"
    "memorysetup-profiler-allocator-block-size=16777216"
    "memorysetup-profiler-editor-allocator-block-size=1048576"
    "memorysetup-temp-allocator-size-main=16777216"
    "memorysetup-job-temp-allocator-block-size=2097152"
    "memorysetup-job-temp-allocator-block-size-background=1048576"
    "memorysetup-job-temp-allocator-reduction-small-platforms=262144"
    "memorysetup-allocator-temp-initial-block-size-main=262144"
    "memorysetup-allocator-temp-initial-block-size-worker=262144"
    "memorysetup-temp-allocator-size-background-worker=32768"
    "memorysetup-temp-allocator-size-job-worker=262144"
    "memorysetup-temp-allocator-size-preload-manager=33554432"
    "memorysetup-temp-allocator-size-nav-mesh-worker=65536"
    "memorysetup-temp-allocator-size-audio-worker=65536"
    "memorysetup-temp-allocator-size-cloud-worker=32768"
    "memorysetup-temp-allocator-size-gi-baking-worker=262144"
    "memorysetup-temp-allocator-size-gfx=262144"
Player connection [8727824448] Host "[IP] 192.168.1.16 [Port] 0 [Flags] 2 [Guid] 1366791088 [EditorId] 1366791088 [Version] 1048832 [Id] OSXEditor(0,MacBookPro.lan) [Debug] 1 [PackageName] OSXEditor [ProjectName] Editor" joined multi-casting on [225.0.0.222:54997]...

Player connection [8727824448] Host "[IP] 192.168.1.16 [Port] 0 [Flags] 2 [Guid] 1366791088 [EditorId] 1366791088 [Version] 1048832 [Id] OSXEditor(0,MacBookPro.lan) [Debug] 1 [PackageName] OSXEditor [ProjectName] Editor" joined alternative multi-casting on [225.0.0.222:34997]...

[Physics::Module] Initialized MultithreadedJobDispatcher with 7 workers.
Refreshing native plugins compatible for Editor in 2.90 ms, found 2 plugins.
Preloading 0 native plugins for Editor in 0.00 ms.
Initialize engine version: 2022.3.14f1 (eff2de9070d8)
[Subsystems] Discovering subsystems at path /Applications/Unity/Hub/Editor/2022.3.14f1/Unity.app/Contents/Resources/UnitySubsystems
[Subsystems] Discovering subsystems at path /Users/racheloh/Desktop/csci526/paired-prototype-skill-limited/Paired Prototype/Assets
GfxDevice: creating device client; threaded=0; jobified=0
 preferred device: Apple M1 Pro (high power)
Metal devices available: 1
0: Apple M1 Pro (high power)
Using device Apple M1 Pro (high power)
Initializing Metal device caps: Apple M1 Pro
Initialize mono
Mono path[0] = '/Applications/Unity/Hub/Editor/2022.3.14f1/Unity.app/Contents/Managed'
Mono path[1] = '/Applications/Unity/Hub/Editor/2022.3.14f1/Unity.app/Contents/MonoBleedingEdge/lib/mono/unityjit-macos'
Mono config path = '/Applications/Unity/Hub/Editor/2022.3.14f1/Unity.app/Contents/MonoBleedingEdge/etc'
Using monoOptions --debugger-agent=transport=dt_socket,embedding=1,server=y,suspend=n,address=127.0.0.1:56416
Begin MonoManager ReloadAssembly
Registering precompiled unity dll's ...
Register platform support module: /Applications/Unity/Hub/Editor/2022.3.14f1/PlaybackEngines/WebGLSupport/UnityEditor.WebGL.Extensions.dll
Register platform support module: /Applications/Unity/Hub/Editor/2022.3.14f1/Unity.app/Contents/PlaybackEngines/MacStandaloneSupport/UnityEditor.OSXStandalone.Extensions.dll
Registered in 0.001345 seconds.
- Loaded All Assemblies, in  0.258 seconds
Native extension for OSXStandalone target not found
Native extension for WebGL target not found
Mono: successfully reloaded assembly
- Finished resetting the current domain, in  0.182 seconds
Domain Reload Profiling: 441ms
	BeginReloadAssembly (62ms)
		ExecutionOrderSort (0ms)
		DisableScriptedObjects (0ms)
		BackupInstance (0ms)
		ReleaseScriptingObjects (0ms)
		CreateAndSetChildDomain (0ms)
	RebuildCommonClasses (29ms)
	RebuildNativeTypeToScriptingClass (11ms)
	initialDomainReloadingComplete (38ms)
	LoadAllAssembliesAndSetupDomain (118ms)
		LoadAssemblies (62ms)
		RebuildTransferFunctionScriptingTraits (0ms)
		AnalyzeDomain (117ms)
			TypeCache.Refresh (116ms)
				TypeCache.ScanAssembly (104ms)
			ScanForSourceGeneratedMonoScriptInfo (0ms)
			ResolveRequiredComponents (0ms)
	FinalizeReload (183ms)
		ReleaseScriptCaches (0ms)
		RebuildScriptCaches (0ms)
		SetupLoadedEditorAssemblies (136ms)
			LogAssemblyErrors (0ms)
			InitializePlatformSupportModulesInManaged (5ms)
			SetLoadedEditorAssemblies (4ms)
			RefreshPlugins (0ms)
			BeforeProcessingInitializeOnLoad (1ms)
			ProcessInitializeOnLoadAttributes (94ms)
			ProcessInitializeOnLoadMethodAttributes (31ms)
			AfterProcessingInitializeOnLoad (0ms)
			EditorAssembliesLoaded (0ms)
		ExecutionOrderSort2 (0ms)
		AwakeInstancesAfterBackupRestoration (0ms)
========================================================================
Worker process is ready to serve import requests
Script is not up to date after domain reload: guid(f8fb5a27b8554a74b8c566355a3c50f9) path("Packages/com.unity.collab-proxy/Editor/StatusBar/NotificationBar.cs") state(2)
Script is not up to date after domain reload: guid(3787875fc84246d0a47d8c123d4ea5fc) path("Packages/com.unity.collab-proxy/Editor/UI/Tree/EmptyStatePanel.cs") state(2)
Script is not up to date after domain reload: guid(2986eff1677c33345b223bdaaee2d284) path("Packages/com.unity.collab-proxy/Editor/UI/Tree/TreeViewItemIds.cs") state(2)
Script is not up to date after domain reload: guid(9b917d42ad338ab4494088f574472998) path("Packages/com.unity.collab-proxy/Editor/Views/Merge/Gluon/IncomingChangesTab.cs") state(2)
Script is not up to date after domain reload: guid(f1b80531a496e644abedd795c21274cb) path("Packages/com.unity.collab-proxy/Editor/Developer/ProgressOperationHandler.cs") state(2)
Script is not up to date after domain reload: guid(a0fc5252a48d8b34f945b4ae3ad45030) path("Packages/com.unity.collab-proxy/Editor/Views/Branch/Dialogs/CreateBranchDialog.cs") state(2)
Script is not up to date after domain reload: guid(fb7decaf4f8be254dafddd860f82f560) path("Packages/com.unity.collab-proxy/Editor/Views/PendingChanges/PendingMergeLinks/MergeLinkListViewItem.cs") state(2)
Script is not up to date after domain reload: guid(ec42e544b2c5739459971099e469936b) path("Packages/com.unity.collab-proxy/Editor/CloudDrive/Workspaces/DirectoryContent/DrawItemsGridView.cs") state(2)
Script is not up to date after domain reload: guid(54390afd4066b724d9a802ff75bed13b) path("Packages/com.unity.collab-proxy/Editor/UI/DrawTextBlockWithLink.cs") state(2)
Script is not up to date after domain reload: guid(72b48557f4cf3d8438cbf59b123364ff) path("Packages/com.unity.collab-proxy/Editor/CloudDrive/Workspaces/Tree/CloudWorkspacesSelection.cs") state(2)
Script is not up to date after domain reload: guid(014287a1a6b67dd4e867168699dfdc2a) path("Packages/com.unity.collab-proxy/Editor/UI/Tree/TableViewOperations.cs") state(2)
Script is not up to date after domain reload: guid(7b85d37b2f076804f8b93f821d6ff88e) path("Packages/com.unity.collab-proxy/Editor/SwitchUVCSPlugin.cs") state(2)
Script is not up to date after domain reload: guid(9553f392d0be2a24daf3cad457d2c612) path("Packages/com.unity.collab-proxy/Editor/Views/History/HistorySelection.cs") state(2)
Script is not up to date after domain reload: guid(ac908610ab768459d9be962750408b43) path("Packages/com.unity.collab-proxy/Editor/UI/PlasticDialog.cs") state(2)
Script is not up to date after domain reload: guid(28ce2dedf734c7c4e8ad114c00173d65) path("Packages/com.unity.collab-proxy/Editor/Inspector/DrawInspectorOperations.cs") state(2)
Script is not up to date after domain reload: guid(421fea03dd9d4ac089ca279ee87c573b) path("Packages/com.unity.collab-proxy/Editor/Views/EnableSwitchAndShelveFeatureDialog.cs") state(2)
Script is not up to date after domain reload: guid(4d56de0c1ce671a4bb95fe9b9abe4fa5) path("Packages/com.unity.collab-proxy/Editor/PackageEntryPoint.cs") state(2)
Script is not up to date after domain reload: guid(db6cbe7586694d6fb3c944d67973d313) path("Packages/com.unity.collab-proxy/Editor/Developer/ShelvedChangesNotification.cs") state(2)
Script is not up to date after domain reload: guid(4a34e3ce3dbf5594ba28a57fa297a72c) path("Packages/com.unity.collab-proxy/Editor/Views/Labels/Dialogs/CreateLabelDialog.cs") state(2)
Script is not up to date after domain reload: guid(71c34e5fa319ca644b6806e573c33d88) path("Packages/com.unity.collab-proxy/Editor/UI/Errors/ErrorListViewItem.cs") state(2)
Script is not up to date after domain reload: guid(bdab12da216948e2a24b90b910e519c0) path("Packages/com.unity.collab-proxy/Editor/CloudDrive/WindowStatusBar.cs") state(2)
Script is not up to date after domain reload: guid(9b17ac8ceb35dc74fbf646862e01a782) path("Packages/com.unity.collab-proxy/Editor/Gluon/IncomingChangesNotification.cs") state(2)
Script is not up to date after domain reload: guid(94a5d27698bed3d42beabebcedbf1f23) path("Packages/com.unity.collab-proxy/Editor/Hub/ProcessHubCommand.cs") state(2)
Script is not up to date after domain reload: guid(7f2f2eb277e02054cbc5ccee904b593b) path("Packages/com.unity.collab-proxy/Editor/Views/Merge/Gluon/IncomingChangesTreeView.cs") state(2)
Script is not up to date after domain reload: guid(182343c61d477e2449cfbc9cb20dfb35) path("Packages/com.unity.collab-proxy/Editor/Views/Merge/Developer/MergeViewMenu.cs") state(2)
Script is not up to date after domain reload: guid(05b4d56bb0dca1b458c2e10c2548663b) path("Packages/com.unity.collab-proxy/Editor/Views/PendingChanges/PendingChangesTab_Operations.cs") state(2)
Script is not up to date after domain reload: guid(59e682a8b37338a46910fa9a939425e3) path("Packages/com.unity.collab-proxy/Editor/Views/Changesets/ChangesetsListView.cs") state(2)
Script is not up to date after domain reload: guid(c456fa791a741a045a8a99ee73af2ae6) path("Packages/com.unity.collab-proxy/Editor/AssetMenu/AssetMenuOperations.cs") state(2)
Script is not up to date after domain reload: guid(debee4373c127c24283da343819c77d4) path("Packages/com.unity.collab-proxy/Editor/Views/PendingChanges/PendingChangesStatusSuccessNotificationContent.cs") state(2)
Script is not up to date after domain reload: guid(1234b834dc1882e4d8e25b2f6cd9d6d6) path("Packages/com.unity.collab-proxy/Editor/UI/Tree/TreeViewSessionState.cs") state(2)
Script is not up to date after domain reload: guid(0ac2f78c10614679a284c28dd3a8d8e8) path("Packages/com.unity.collab-proxy/Editor/UVCSToolbar/PopupWindow/BranchesList/LoadingEmptyState.cs") state(2)
Script is not up to date after domain reload: guid(d7826644a043a9b4cb6b1f06c937cad7) path("Packages/com.unity.collab-proxy/Editor/UVCSToolbar/Headless/HeadlessUpdateProgress.cs") state(2)
Script is not up to date after domain reload: guid(732707d2b1ec963458b4ab9ffe539cbe) path("Packages/com.unity.collab-proxy/Editor/Views/Branch/BranchesTab_Operations.cs") state(2)
Script is not up to date after domain reload: guid(6629f1bb292b749a18b5fff7994c8b19) path("Packages/com.unity.collab-proxy/Editor/UVCSWindow.cs") state(2)
Script is not up to date after domain reload: guid(023009af66be2da4d84bf23700528308) path("Packages/com.unity.collab-proxy/Editor/UI/UnityEvents.cs") state(2)
Script is not up to date after domain reload: guid(474f848599824c969ea9f3e5db753200) path("Packages/com.unity.collab-proxy/Editor/CloudDrive/Workspaces/DirectoryContent/ItemsGridSelection.cs") state(2)
Script is not up to date after domain reload: guid(a55fcf87e0ee4d5a83d10fab9c9407fe) path("Packages/com.unity.collab-proxy/Editor/Views/SelectNewCodeReviewBehavior.cs") state(2)
Script is not up to date after domain reload: guid(a9881fce7e445b84bbbd53752db30fe9) path("Packages/com.unity.collab-proxy/Editor/Views/Merge/Developer/DirectoryConflicts/DrawDirectoryResolutionPanel.cs") state(2)
Script is not up to date after domain reload: guid(a863d083557069b458628045916c1724) path("Packages/com.unity.collab-proxy/Editor/UVCSToolbar/Headless/HeadlessGluonViewHost.cs") state(2)
Script is not up to date after domain reload: guid(c95121e1e2d89e648b9d0aed259caad9) path("Packages/com.unity.collab-proxy/Editor/Configuration/TeamEdition/TeamEditionConfigurationWindow.cs") state(2)
Script is not up to date after domain reload: guid(7aad121cec1867b4493b3b31bc5c8a26) path("Packages/com.unity.collab-proxy/Editor/VCSBuiltInPlugin.cs") state(2)
Script is not up to date after domain reload: guid(ee776820547bd654980004e8471df8e3) path("Packages/com.unity.collab-proxy/Editor/Configuration/ToolConfig.cs") state(2)
Script is not up to date after domain reload: guid(064a7a3d9b9b458f87abe1ec38227570) path("Packages/com.unity.collab-proxy/Editor/UVCSToolbar/PopupWindow/PopupWindowDrawing.cs") state(2)
Script is not up to date after domain reload: guid(7c21251ff4b7d844292a388e81e47e59) path("Packages/com.unity.collab-proxy/Editor/Configuration/AutoConfig.cs") state(2)
Script is not up to date after domain reload: guid(cc9b578c680471e41965738c85cbabbf) path("Packages/com.unity.collab-proxy/Editor/Developer/IncomingChangesNotification.cs") state(2)
Script is not up to date after domain reload: guid(100f9184f13dd20448c29dc74f30dce1) path("Packages/com.unity.collab-proxy/Editor/Toolbar/ToolbarButton.cs") state(2)
Script is not up to date after domain reload: guid(1a7e0200b2cf489bbe62e1410a7ed2e4) path("Packages/com.unity.collab-proxy/Editor/Views/Locks/DrawLocksListViewItem.cs") state(2)
Script is not up to date after domain reload: guid(cef1fd4b45bd4bbfabb7b27325107045) path("Packages/com.unity.collab-proxy/Editor/UVCSToolbar/PopupWindow/BranchesList/BranchesTreeView.cs") state(2)
Script is not up to date after domain reload: guid(6cad902920d2d0e448b4a307b199d8fd) path("Packages/com.unity.collab-proxy/Editor/AssetsUtils/ProjectPath.cs") state(2)
Script is not up to date after domain reload: guid(6a9d8351b7dac6e4c8e7b27d5cbdd70c) path("Packages/com.unity.collab-proxy/Editor/Views/PendingChanges/Dialogs/EmptyCommentDialog.cs") state(2)
Script is not up to date after domain reload: guid(250ef17e19e621047851bfae85fd84c8) path("Packages/com.unity.collab-proxy/Editor/UI/Tree/TreeViewItemExtensions.cs") state(2)
Script is not up to date after domain reload: guid(4ef5fb54cd29b40468eaf5a14e9845ed) path("Packages/com.unity.collab-proxy/Editor/Views/Diff/DiffSelection.cs") state(2)
Script is not up to date after domain reload: guid(2b3223ee740687445a7e4bc793fa2aae) path("Packages/com.unity.collab-proxy/Editor/Configuration/ConfigurePartialWorkspace.cs") state(2)
Script is not up to date after domain reload: guid(e0ca5f7f9ce171a44a14d09d62ee6c8e) path("Packages/com.unity.collab-proxy/Editor/CloudDrive/CloudDriveMenuItem.cs") state(2)
Script is not up to date after domain reload: guid(fb7558aa88a270a4a8bbfc4c9fd91794) path("Packages/com.unity.collab-proxy/Editor/Views/Labels/Dialogs/CreateLabelView.cs") state(2)
Script is not up to date after domain reload: guid(35caf055aec448e6bd68e33611eb916d) path("Packages/com.unity.collab-proxy/Editor/CloudDrive/Workspaces/DirectoryContent/DrawItemNameBar.cs") state(2)
Script is not up to date after domain reload: guid(4d2132ff97b487e4c9986528556871ed) path("Packages/com.unity.collab-proxy/Editor/Views/Merge/Developer/DirectoryConflicts/MergeViewDirectoryConflictMenu.cs") state(2)
Script is not up to date after domain reload: guid(a9e847d045a7744b08c7a37912965cdc) path("Packages/com.unity.collab-proxy/Editor/Views/PendingChanges/ChangeTreeViewItem.cs") state(2)
Script is not up to date after domain reload: guid(b4eb3fe08d1dc86419dee5ddcc40baae) path("Packages/com.unity.collab-proxy/Editor/AssetMenu/AssetFilesFilterPatternsMenuBuilder.cs") state(2)
Script is not up to date after domain reload: guid(a2fb15c9d02b72e4598e450dab5fcd12) path("Packages/com.unity.collab-proxy/Editor/Views/Merge/Developer/DirectoryConflicts/MoveDeleteMenu.cs") state(2)
Script is not up to date after domain reload: guid(c50ac3c60fd045b38f5449bb43db257d) path("Packages/com.unity.collab-proxy/Editor/AssetMenu/HierarchyViewAssetMenu.cs") state(2)
Script is not up to date after domain reload: guid(de7c5b4b6cb58e546b24137064ac9025) path("Packages/com.unity.collab-proxy/Editor/Hub/Operations/CreateWorkspace.cs") state(2)
Script is not up to date after domain reload: guid(6483fd05e8bf42a47aee5e11dbf6db8a) path("Packages/com.unity.collab-proxy/Editor/Views/LaunchDiffOperations.cs") state(2)
Script is not up to date after domain reload: guid(d1c46ccb760d06146a24b7e265e19566) path("Packages/com.unity.collab-proxy/Editor/WebApi/CredentialsResponse.cs") state(2)
Script is not up to date after domain reload: guid(a077a49d9db9de74f827f0568f6e65c2) path("Packages/com.unity.collab-proxy/Editor/AssetsUtils/AssetsPath.cs") state(2)
Script is not up to date after domain reload: guid(7a92174abe154af4b99e09e4b6cf31ee) path("Packages/com.unity.collab-proxy/Editor/Views/PendingChanges/PendingChangesSelection.cs") state(2)
Script is not up to date after domain reload: guid(a840d4787ba856c4dbaf61207189b00c) path("Packages/com.unity.collab-proxy/Editor/AutoRefresh.cs") state(2)
Script is not up to date after domain reload: guid(2dae17e8419667e46a2a476dd2cd18e0) path("Packages/com.unity.collab-proxy/Editor/StatusBar/WindowStatusBar.cs") state(2)
Script is not up to date after domain reload: guid(13f8d9266e8b7224abeb0a7af444fd13) path("Packages/com.unity.collab-proxy/Editor/Views/Labels/LabelsSelection.cs") state(2)
Script is not up to date after domain reload: guid(29e0becc4ce852c439ff3e642f0375bd) path("Packages/com.unity.collab-proxy/Editor/Views/CreateWorkspace/PerformInitialCheckin.cs") state(2)
Script is not up to date after domain reload: guid(3c1571ec0b185dc428a1df774086a310) path("Packages/com.unity.collab-proxy/Editor/UVCSToolbar/Headless/HeadlessUpdateReport.cs") state(2)
Script is not up to date after domain reload: guid(3a49359b59c12b74386ca6816923ec2c) path("Packages/com.unity.collab-proxy/Editor/Views/History/HistoryTab.cs") state(2)
Script is not up to date after domain reload: guid(e69fc09d7758466798e76f1655c2c27f) path("Packages/com.unity.collab-proxy/Editor/CloudDrive/Workspaces/Tree/CloudWorkspacesTreeView.cs") state(2)
Script is not up to date after domain reload: guid(c60feb8f0f5f57c4393eae9a43529616) path("Packages/com.unity.collab-proxy/Editor/UI/UnityConstants.cs") state(2)
Script is not up to date after domain reload: guid(08dbb8d51633f2f4bab9912fbce3e247) path("Packages/com.unity.collab-proxy/Editor/Views/DownloadPlasticExeDialog.cs") state(2)
Script is not up to date after domain reload: guid(6dbc54b503a79034d9c544e39451fd10) path("Packages/com.unity.collab-proxy/Editor/UI/GUIActionRunner.cs") state(2)
Script is not up to date after domain reload: guid(8456e83060fd4354a0695680eea6b3cd) path("Packages/com.unity.collab-proxy/Editor/Views/Locks/LocksSelector.cs") state(2)
Script is not up to date after domain reload: guid(e57a1c5d3e1c8844eb3893fed51c9727) path("Packages/com.unity.collab-proxy/Editor/WebApi/WebRestApiClient.cs") state(2)
Script is not up to date after domain reload: guid(5be77ef41db4cc24a82cd1eca7456b5a) path("Packages/com.unity.collab-proxy/Editor/BoolSetting.cs") state(2)
Script is not up to date after domain reload: guid(0caf9dda3147e224daf41ba5bd5cfaf0) path("Packages/com.unity.collab-proxy/Editor/Views/PendingChanges/Dialogs/LaunchCheckinConflictsDialog.cs") state(2)
Script is not up to date after domain reload: guid(678db227e4ffec949980d309c0532b08) path("Packages/com.unity.collab-proxy/Editor/AssetMenu/Dialogs/CheckinDialog.cs") state(2)
Script is not up to date after domain reload: guid(e86abcad326bbd44a9f3c0516899ce75) path("Packages/com.unity.collab-proxy/Editor/WebApi/ErrorResponse.cs") state(2)
Script is not up to date after domain reload: guid(d2a9f8ad3405465db8e62d36f2686b68) path("Packages/com.unity.collab-proxy/Editor/AssetMenu/AssetCopyPathOperation.cs") state(2)
Script is not up to date after domain reload: guid(4ad84899006a47b9b710662c93ec6448) path("Packages/com.unity.collab-proxy/Editor/Views/Locks/LocksListView.cs") state(2)
Script is not up to date after domain reload: guid(5aee5a8d0d126ca48a331d298005381f) path("Packages/com.unity.collab-proxy/Editor/Views/PendingChanges/Dialogs/CreateChangelistDialog.cs") state(2)
Script is not up to date after domain reload: guid(fd582245e61fe1f4dba625a9ba7ec139) path("Packages/com.unity.collab-proxy/Editor/UVCSToolbar/Headless/HeadlessWorkspaceWindow.cs") state(2)
Script is not up to date after domain reload: guid(eda42d85846dab04a81db79ea2ab5e12) path("Packages/com.unity.collab-proxy/Editor/UI/DrawCopyableLabel.cs") state(2)
Script is not up to date after domain reload: guid(c64851962d9c48068897eb736be4bed1) path("Packages/com.unity.collab-proxy/Editor/Settings/ShelveAndSwitchOptionsFoldout.cs") state(2)
Script is not up to date after domain reload: guid(e2d5cd35402925349b237e34add0cabf) path("Packages/com.unity.collab-proxy/Editor/Views/Merge/Developer/DirectoryConflicts/EvilTwinMenu.cs") state(2)
Script is not up to date after domain reload: guid(2350e7d7f6d79024da24dea8f15a6881) path("Packages/com.unity.collab-proxy/Editor/Views/Branch/BranchesTab.cs") state(2)
Script is not up to date after domain reload: guid(25c9bc31827789b43b8ddb4abee2a205) path("Packages/com.unity.collab-proxy/Editor/Views/Merge/Developer/MergeViewFileConflictMenu.cs") state(2)
Script is not up to date after domain reload: guid(0b53a404fdd93a8449b983861c7f0e88) path("Packages/com.unity.collab-proxy/Editor/Views/Merge/Developer/DirectoryConflicts/DivergentMoveMenu.cs") state(2)
Script is not up to date after domain reload: guid(3deb46ccbc8389f4cb34c6d0032db5a1) path("Packages/com.unity.collab-proxy/Editor/Views/Merge/Developer/DirectoryConflicts/MoveAddMenu.cs") state(2)
Script is not up to date after domain reload: guid(349d4bc84d3b4fa48a1970539c06144c) path("Packages/com.unity.collab-proxy/Editor/Views/Merge/Gluon/IncomingChangesViewMenu.cs") state(2)
Script is not up to date after domain reload: guid(c53c624438663f74ab67fbdf8869ae18) path("Packages/com.unity.collab-proxy/Editor/AssetsUtils/Processor/UVCSAssetModificationProcessor.cs") state(2)
Script is not up to date after domain reload: guid(076df9ed85621764881a4d81dbd08046) path("Packages/com.unity.collab-proxy/Editor/UI/TabButton.cs") state(2)
Script is not up to date after domain reload: guid(cdf0cc5418c9fc44eade3d7480d7429e) path("Packages/com.unity.collab-proxy/Editor/Views/Changesets/GetChangesetsQuery.cs") state(2)
Script is not up to date after domain reload: guid(f4a41e458bcb22946bcfa6b165c90288) path("Packages/com.unity.collab-proxy/Editor/Views/Branch/BranchesListHeaderState.cs") state(2)
Script is not up to date after domain reload: guid(fd38ef4911274f9987bb1282281fa3df) path("Packages/com.unity.collab-proxy/Editor/LaunchPackageManager.cs") state(2)
Script is not up to date after domain reload: guid(b4c28e55281f4ec5bc041b8f52b7d891) path("Packages/com.unity.collab-proxy/Editor/CloudDrive/Workspaces/DirectoryContent/DrawExpandedTreeNode.cs") state(2)
Script is not up to date after domain reload: guid(de4aea75bc204d14cb432cf1708548f1) path("Packages/com.unity.collab-proxy/Editor/UI/EditorDispatcher.cs") state(2)
Script is not up to date after domain reload: guid(e27c01b3192a4dcfbd46563a4acacd59) path("Packages/com.unity.collab-proxy/Editor/CloudDrive/Workspaces/DragAndDrop/ErrorsDialog.cs") state(2)
Script is not up to date after domain reload: guid(304090ddaffb4aff8f35cc005018d302) path("Packages/com.unity.collab-proxy/Editor/UI/Progress/ProgressControlsForWindow.cs") state(2)
Script is not up to date after domain reload: guid(d7ab4771a00b0cc4ab99301fc356de49) path("Packages/com.unity.collab-proxy/Editor/ProjectLoadedCounter.cs") state(2)
Script is not up to date after domain reload: guid(6e19ed08370c2e6419986e350c6d4c20) path("Packages/com.unity.collab-proxy/Editor/Views/Changesets/Dialogs/LabelChangesetDialog.cs") state(2)
Script is not up to date after domain reload: guid(e8b13064517f28443ac41883eb559c8f) path("Packages/com.unity.collab-proxy/Editor/BuildGetEventExtraInfoFunction.cs") state(2)
Script is not up to date after domain reload: guid(858cd1de29a71bd4c913db15f8ae3a0f) path("Packages/com.unity.collab-proxy/Editor/Views/Labels/LabelListViewItem.cs") state(2)
Script is not up to date after domain reload: guid(792f2bf6e6d57db4f93253a322673bc7) path("Packages/com.unity.collab-proxy/Editor/UVCSToolbar/ToolbarController.cs") state(2)
Script is not up to date after domain reload: guid(962c713f307637f459a3eb76c8aba5f0) path("Packages/com.unity.collab-proxy/Editor/UI/UndoRedo/UndoRedoHelper.cs") state(2)
Script is not up to date after domain reload: guid(e7dc580933b555942b2f89a14ca659f1) path("Packages/com.unity.collab-proxy/Editor/IntSetting.cs") state(2)
Script is not up to date after domain reload: guid(ce1788184c108ec4d8cbad6b14c4dae6) path("Packages/com.unity.collab-proxy/Editor/Views/PendingChanges/CreatedChangesetEmptyStatePanel.cs") state(2)
Script is not up to date after domain reload: guid(323d43d865724e90a62ba88dfeacbef2) path("Packages/com.unity.collab-proxy/Editor/Views/Merge/Developer/SerializableMergeTabState.cs") state(2)
Script is not up to date after domain reload: guid(14df2a8f74d04d89a24fbbad8cf2037b) path("Packages/com.unity.collab-proxy/Editor/CloudDrive/RefreshAsset.cs") state(2)
Script is not up to date after domain reload: guid(5474cb78511de04459cac50d50b9d9e0) path("Packages/com.unity.collab-proxy/Editor/UI/DrawSearchField.cs") state(2)
Script is not up to date after domain reload: guid(f00521067f54ce541951ab90047cc3f4) path("Packages/com.unity.collab-proxy/Editor/Views/Welcome/DownloadAndInstallOperation.cs") state(2)
Script is not up to date after domain reload: guid(0ee79162e06c6984a97600b7c0680611) path("Packages/com.unity.collab-proxy/Editor/Views/Diff/DiffPanel.cs") state(2)
Script is not up to date after domain reload: guid(09b199e86de5d1944ab9106ca2c11f75) path("Packages/com.unity.collab-proxy/Editor/Gluon/ProgressOperationHandler.cs") state(2)
Script is not up to date after domain reload: guid(1b2dfd8c552c2468ca523d8dbb93ea5d) path("Packages/com.unity.collab-proxy/Editor/Views/PendingChanges/PendingChangesTab.cs") state(2)
Script is not up to date after domain reload: guid(b57672168ae882a4b8483a000638c433) path("Packages/com.unity.collab-proxy/Editor/Views/Merge/Developer/UnityMergeTree.cs") state(2)
Script is not up to date after domain reload: guid(699b33b09648b5641b12384ac691546d) path("Packages/com.unity.collab-proxy/Editor/FindWorkspace.cs") state(2)
Script is not up to date after domain reload: guid(0e1e2d80d9c79b042ab42fdf0b5c0b65) path("Packages/com.unity.collab-proxy/Editor/UI/EditorVersion.cs") state(2)
Script is not up to date after domain reload: guid(faf2afd8696f4604f82f46b06b357f06) path("Packages/com.unity.collab-proxy/Editor/Views/Merge/Gluon/ChangeCategoryTreeViewItem.cs") state(2)
Script is not up to date after domain reload: guid(73306fe71bf092d4495ff28ee02b766b) path("Packages/com.unity.collab-proxy/Editor/Views/Branch/BranchesSelection.cs") state(2)
Script is not up to date after domain reload: guid(65c9d93f86da86b41a712d92e8f03dc2) path("Packages/com.unity.collab-proxy/Editor/UI/GetPlasticShortcut.cs") state(2)
Script is not up to date after domain reload: guid(3320b7341e4731842a6fd50ae97c96f5) path("Packages/com.unity.collab-proxy/Editor/UI/GetWindowIfOpened.cs") state(2)
Script is not up to date after domain reload: guid(d491adc3134c2ac4d9e3c61ed42a7ccd) path("Packages/com.unity.collab-proxy/Editor/Views/Merge/Gluon/ChangeTreeViewItem.cs") state(2)
Script is not up to date after domain reload: guid(ebbbce5f7ed39ab45b6f43340727ba5e) path("Packages/com.unity.collab-proxy/Editor/Views/Branch/BranchListViewItem.cs") state(2)
Script is not up to date after domain reload: guid(77146328ef19f2b4b81fe35d7a8c4297) path("Packages/com.unity.collab-proxy/Lib/Editor/unityplastic.dll") state(2)
Script is not up to date after domain reload: guid(3fdd86a000d1ef04094416eefed53087) path("Packages/com.unity.collab-proxy/Editor/Views/Diff/ClientDiffTreeViewItem.cs") state(2)
Script is not up to date after domain reload: guid(e4e6f1fad14d65f4b9e72a5675054db9) path("Packages/com.unity.collab-proxy/Editor/Views/PendingChanges/UnityPendingChangesTree.cs") state(2)
Script is not up to date after domain reload: guid(cdd5bec613c44cd3b5fcd57177754bb9) path("Packages/com.unity.collab-proxy/Editor/Tool/IsExeVersion.cs") state(2)
Script is not up to date after domain reload: guid(509ecc6807ba438a92fbda6424603ecb) path("Packages/com.unity.collab-proxy/Editor/CloudDrive/Workspaces/DragAndDrop/AskUserForExistingFile.cs") state(2)
Script is not up to date after domain reload: guid(204b6e52ab6164e478f852a359e0c0c0) path("Packages/com.unity.collab-proxy/Editor/SceneView/DrawSceneOperations.cs") state(2)
Script is not up to date after domain reload: guid(e8bf7425cfbdd094da5dc809a5eaa8ff) path("Packages/com.unity.collab-proxy/Editor/Developer/UpdateReport/UpdateReportListView.cs") state(2)
Script is not up to date after domain reload: guid(ca17c170df6db5042b70adc65fbe770c) path("Packages/com.unity.collab-proxy/Editor/UVCSMenuItem.cs") state(2)
Script is not up to date after domain reload: guid(3358a79a3123eed4baff54da855492e6) path("Packages/com.unity.collab-proxy/Editor/CloudDrive/GetProposedOrganizationProject.cs") state(2)
Script is not up to date after domain reload: guid(0f5401cd5ff8fc4409bf9540072b14bc) path("Packages/com.unity.collab-proxy/Editor/UI/FindEditorWindow.cs") state(2)
Script is not up to date after domain reload: guid(8e956137d866cfc4797b1830930ed57e) path("Packages/com.unity.collab-proxy/Editor/ExternalLink.cs") state(2)
Script is not up to date after domain reload: guid(9203e3f44c0ecfd42953709384a56c4d) path("Packages/com.unity.collab-proxy/Editor/AssetsUtils/RepaintEditor.cs") state(2)
Script is not up to date after domain reload: guid(a1f5156c89fd104459e8ec0cc3098899) path("Packages/com.unity.collab-proxy/Editor/Views/Branch/BranchesViewMenu.cs") state(2)
Script is not up to date after domain reload: guid(d30dfeb72257204458e1e8e1576b84ba) path("Packages/com.unity.collab-proxy/Editor/AssetOverlays/DrawProjectOverlay.cs") state(2)
Script is not up to date after domain reload: guid(6dda1ef365cc6be4c90d328c331d643c) path("Packages/com.unity.collab-proxy/Editor/Views/Merge/Developer/DirectoryConflicts/DeleteMoveMenu.cs") state(2)
Script is not up to date after domain reload: guid(608efd4e185fb9440bb8550d98e20ca4) path("Packages/com.unity.collab-proxy/Editor/Hub/Operations/DownloadRepository.cs") state(2)
Script is not up to date after domain reload: guid(d097a5d507694ba7ac97bc9a9f2942e3) path("Packages/com.unity.collab-proxy/Editor/Settings/UVCSProjectSettingsProvider.cs") state(2)
Script is not up to date after domain reload: guid(c5d431e8131b1d74897c1a18b5e76932) path("Packages/com.unity.collab-proxy/Editor/Gluon/UpdateReport/UpdateReportListView.cs") state(2)
Script is not up to date after domain reload: guid(a6d05b29e607e62478df26227566e1b9) path("Packages/com.unity.collab-proxy/Editor/Tool/LaunchTool.cs") state(2)
Script is not up to date after domain reload: guid(71cb30384b5f8d64ea7df220cff88d0c) path("Packages/com.unity.collab-proxy/Editor/AssetsUtils/Processor/AssetsProcessor.cs") state(2)
Script is not up to date after domain reload: guid(12c73b1c758dc2d43adb107dadd988da) path("Packages/com.unity.collab-proxy/Editor/UVCSPluginIsEnabledPreference.cs") state(2)
Script is not up to date after domain reload: guid(306e2c310ad3b7a4794346ffb0088c69) path("Packages/com.unity.collab-proxy/Editor/UVCSToolbar/PopupWindow/Operations/ToolbarOperationsShortcut.cs") state(2)
Script is not up to date after domain reload: guid(594dcd9e9e4804aa281a66d024d30752) path("Packages/com.unity.collab-proxy/Editor/Views/PendingChanges/PendingChangesTreeView.cs") state(2)
Script is not up to date after domain reload: guid(bba806fdb20eb5a4da6cc856323d6273) path("Packages/com.unity.collab-proxy/Editor/Configuration/CloudEdition/Welcome/SignInPanel.cs") state(2)
Script is not up to date after domain reload: guid(bec9a691c125414fb6dc237fe5dbdfaa) path("Packages/com.unity.collab-proxy/Editor/Views/PendingChanges/CreatedChangesetData.cs") state(2)
Script is not up to date after domain reload: guid(0afb4c6d979970647841ee14a55b8d25) path("Packages/com.unity.collab-proxy/Editor/UI/Avatar/GetAvatar.cs") state(2)
Script is not up to date after domain reload: guid(45d03e5c984da3448b417289e95e4291) path("Packages/com.unity.collab-proxy/Editor/Views/PendingChanges/Dialogs/FilterRulesConfirmationDialog.cs") state(2)
Script is not up to date after domain reload: guid(c00693f5365e54a4eb5f9ac96da13749) path("Packages/com.unity.collab-proxy/Editor/UVCSToolbar/Headless/HeadlessWorkspaceStatusChangeListener.cs") state(2)
Script is not up to date after domain reload: guid(f8b61564d80f4d16b3bf68e8dfe87c89) path("Packages/com.unity.collab-proxy/Editor/Tool/PlasticExeLauncher.cs") state(2)
Script is not up to date after domain reload: guid(1e0aed0a10caba04583f2474f8279b27) path("Packages/com.unity.collab-proxy/Editor/Views/Merge/Developer/MergeTreeView.cs") state(2)
Script is not up to date after domain reload: guid(19731bf18cd0abd45955c297ff452044) path("Packages/com.unity.collab-proxy/Editor/Views/Changesets/ChangesetExplorerView.cs") state(2)
Script is not up to date after domain reload: guid(aa38aeb612889ca428824f7e31a50747) path("Packages/com.unity.collab-proxy/Editor/Views/History/SerializableHistoryTabState.cs") state(2)
Script is not up to date after domain reload: guid(0f222cc01be81b842b1333c92fb7355c) path("Packages/com.unity.collab-proxy/Editor/UI/DrawUserIcon.cs") state(2)
Script is not up to date after domain reload: guid(c46424c57c6462945b14ac0c95281406) path("Packages/com.unity.collab-proxy/Editor/Configuration/CredentialsDialog.cs") state(2)
Script is not up to date after domain reload: guid(9bef80072d106be4ea36de88adc0e985) path("Packages/com.unity.collab-proxy/Editor/Inspector/InspectorAssetSelection.cs") state(2)
Script is not up to date after domain reload: guid(c18598e9d808edb4583a6aa724ffc268) path("Packages/com.unity.collab-proxy/Editor/Views/CreateWorkspace/Dialogs/RepositoriesListView.cs") state(2)
Script is not up to date after domain reload: guid(1ba537cc779f0474bb8c90d5315bbc74) path("Packages/com.unity.collab-proxy/Editor/UVCSToolbar/PopupWindow/UncontrolledPopupWindow.cs") state(2)
Script is not up to date after domain reload: guid(d50ac3212a7ff5a4795bf609a2a20350) path("Packages/com.unity.collab-proxy/Editor/AssemblyInfo.cs") state(2)
Script is not up to date after domain reload: guid(de6e8913aefd69d4ca90a7216d225d3a) path("Packages/com.unity.collab-proxy/Editor/Tool/ToolConstants.cs") state(2)
Script is not up to date after domain reload: guid(d317dcbde3a2ce64dae19f49289c5285) path("Packages/com.unity.collab-proxy/Editor/_Deprecated/Settings/PlasticProjectSettingsProvider.cs") state(2)
Script is not up to date after domain reload: guid(b43c91410e1046b58c07a72471ccfd85) path("Packages/com.unity.collab-proxy/Editor/HierarchyExtensions.cs") state(2)
Script is not up to date after domain reload: guid(5bbb26813ae33c64d8937661111fb3c6) path("Packages/com.unity.collab-proxy/Editor/UVCSToolbar/UVCSToolbarButtonData.cs") state(2)
Script is not up to date after domain reload: guid(1de62e30afcba544e8e8da4b93a4fa39) path("Packages/com.unity.collab-proxy/Editor/Views/Branch/Dialogs/RenameBranchDialog.cs") state(2)
Script is not up to date after domain reload: guid(0e750291f98133747b5ebea5ce056f81) path("Packages/com.unity.collab-proxy/Editor/UI/UndoRedo/UndoRedoState.cs") state(2)
Script is not up to date after domain reload: guid(e57affb3c41ab402e86f99747be972a2) path("Packages/com.unity.collab-proxy/Editor/Views/PendingChanges/PendingChangesTreeHeaderState.cs") state(2)
Script is not up to date after domain reload: guid(61f74d0a8a3f1f542b8afe99e65686df) path("Packages/com.unity.collab-proxy/Editor/Views/CreateWorkspace/Dialogs/CreateRepositoryDialog.cs") state(2)
Script is not up to date after domain reload: guid(d765c78b18a58b14a986b34841ae9c52) path("Packages/com.unity.collab-proxy/Editor/UI/Images.cs") state(2)
Script is not up to date after domain reload: guid(7a04ed4805f84fd4a8ceee51915ba39a) path("Packages/com.unity.collab-proxy/Editor/Views/Merge/IIncomingChangesTab.cs") state(2)
Script is not up to date after domain reload: guid(f25df29da91c45449ada5f3da8cf20ea) path("Packages/com.unity.collab-proxy/Editor/Tool/IsExeAvailable.cs") state(2)
Script is not up to date after domain reload: guid(05c0641719e74f058e7530b150336e82) path("Packages/com.unity.collab-proxy/Editor/Settings/OtherOptionsFoldout.cs") state(2)
Script is not up to date after domain reload: guid(2f536f0e9a974d75b293f6aee8e2cdf2) path("Packages/com.unity.collab-proxy/Editor/Views/Locks/LocksTab.cs") state(2)
Script is not up to date after domain reload: guid(d877163a4d5b71945ae435ce29592751) path("Packages/com.unity.collab-proxy/Editor/_Deprecated/CollabMigration/MigrateCollabProject.cs") state(2)
Script is not up to date after domain reload: guid(19dca01e5c6a4d808cee50ff17837de5) path("Packages/com.unity.collab-proxy/Editor/UI/Tree/CenteredContentPanel.cs") state(2)
Script is not up to date after domain reload: guid(331d1c37d891f334390adb8324042856) path("Packages/com.unity.collab-proxy/Editor/UI/Errors/ErrorsListView.cs") state(2)
Script is not up to date after domain reload: guid(2c9c0041347ae4e4cb794a3da850fa79) path("Packages/com.unity.collab-proxy/Editor/Views/Diff/DiffTreeViewMenu.cs") state(2)
Script is not up to date after domain reload: guid(aebdb56b44622b2468b014e27e5e28e5) path("Packages/com.unity.collab-proxy/Editor/UVCSPlugin.cs") state(2)
Script is not up to date after domain reload: guid(06e8f2c592322e640ae99a833427b552) path("Packages/com.unity.collab-proxy/Editor/Views/Changesets/ChangesetsTab_Operations.cs") state(2)
Script is not up to date after domain reload: guid(2288af36c38fa57499c201d497d306c3) path("Packages/com.unity.collab-proxy/Editor/Views/Labels/LabelsListHeaderState.cs") state(2)
Script is not up to date after domain reload: guid(31a95d07803cf9f48a127ae0fc3e5369) path("Packages/com.unity.collab-proxy/Editor/Views/Labels/LabelsTab_Operations.cs") state(2)
Script is not up to date after domain reload: guid(0ad54f9e1bb701142b116d0d1ed98437) path("Packages/com.unity.collab-proxy/Editor/Configuration/CloudEdition/Welcome/CloudEditionWelcomeWindow.cs") state(2)
Script is not up to date after domain reload: guid(83882c7718d0fc34f8a05141328ceac1) path("Packages/com.unity.collab-proxy/Editor/Views/CreateWorkspace/Dialogs/RepositoryListViewItem.cs") state(2)
Script is not up to date after domain reload: guid(a67a7d0865a447b49e842eac00d70833) path("Packages/com.unity.collab-proxy/Editor/CloudDrive/CreateWorkspace/CollaboratorsListViewHeaderState.cs") state(2)
Script is not up to date after domain reload: guid(c0819a043e0c64a4780ca8ab3c311d07) path("Packages/com.unity.collab-proxy/Editor/CloudDrive/Welcome/WelcomeView.cs") state(2)
Script is not up to date after domain reload: guid(c0821447a35700c4280782d1092cf4c5) path("Packages/com.unity.collab-proxy/Editor/Views/Merge/Gluon/IncomingChangesTreeHeaderState.cs") state(2)
Script is not up to date after domain reload: guid(23471c5c18843794fba363cb093b5a05) path("Packages/com.unity.collab-proxy/Editor/Views/PendingChanges/DrawCommentTextArea.cs") state(2)
Script is not up to date after domain reload: guid(5ae4d88034c6d7b42a84b0a53bb700d4) path("Packages/com.unity.collab-proxy/Editor/Views/PendingChanges/PendingChangesViewMenu.cs") state(2)
Script is not up to date after domain reload: guid(e5854d1a1c573e040afdbb54103decf3) path("Packages/com.unity.collab-proxy/Editor/UVCSToolbar/Headless/HeadlessViewSwitcher.cs") state(2)
Script is not up to date after domain reload: guid(6c8b04d6403125b4ca51861863f386ee) path("Packages/com.unity.collab-proxy/Editor/Views/Merge/Developer/MergeTreeHeaderState.cs") state(2)
Script is not up to date after domain reload: guid(a9acb575a60d7e045ad7fadd3e3e137d) path("Packages/com.unity.collab-proxy/Editor/AssetOverlays/Cache/RemoteStatusCache.cs") state(2)
Script is not up to date after domain reload: guid(68f2f2587930106408dd3b00fb4974ff) path("Packages/com.unity.collab-proxy/Editor/AssetOverlays/DrawHierarchyOverlay.cs") state(2)
Script is not up to date after domain reload: guid(806bdb4f911275c4ca1ee81fde4b4d4f) path("Packages/com.unity.collab-proxy/Editor/Configuration/CloudEdition/Welcome/AutoLogin.cs") state(2)
Script is not up to date after domain reload: guid(19397b4b199145c5bd9ee8c1c7d5938d) path("Packages/com.unity.collab-proxy/Editor/AssetMenu/HierarchyViewAssetSelection.cs") state(2)
Script is not up to date after domain reload: guid(8cee66aefde0415886a851167a19c933) path("Packages/com.unity.collab-proxy/Editor/UI/Progress/LoadingSpinner.cs") state(2)
Script is not up to date after domain reload: guid(4646098fa06b7764b843d936862b4d71) path("Packages/com.unity.collab-proxy/Editor/Settings/PendingChangesOptionsFoldout.cs") state(2)
Script is not up to date after domain reload: guid(edf8d7a4bab748b4a77c198d33394e58) path("Packages/com.unity.collab-proxy/Editor/Configuration/ClientConfiguration.cs") state(2)
Script is not up to date after domain reload: guid(608f66b5adac272459273ddaf3e4db5d) path("Packages/com.unity.collab-proxy/Editor/PlasticApp.cs") state(2)
Script is not up to date after domain reload: guid(22c746898109437d88d4bc5eaa84b89d) path("Packages/com.unity.collab-proxy/Editor/UI/Progress/DrawProgressForWindow.cs") state(2)
Script is not up to date after domain reload: guid(a92f7c4434405984a811b4e7c316594e) path("Packages/com.unity.collab-proxy/Editor/AssetOverlays/DrawAssetOverlayIcon.cs") state(2)
Script is not up to date after domain reload: guid(0092dcc3ac595ea43981eedc23012f72) path("Packages/com.unity.collab-proxy/Editor/Views/PendingChanges/PendingChangesViewPendingChangeMenu.cs") state(2)
Script is not up to date after domain reload: guid(70bf1fe1bcd44b64b43910da6487eab4) path("Packages/com.unity.collab-proxy/Editor/UI/DrawStaticElement.cs") state(2)
Script is not up to date after domain reload: guid(e9ffdef169b1cbb4e9910671a9ee83bc) path("Packages/com.unity.collab-proxy/Editor/AssetsUtils/Processor/UVCSAssetPostprocessor.cs") state(2)
Script is not up to date after domain reload: guid(156e16594aa6bd54cb77aa3f8eae5c82) path("Packages/com.unity.collab-proxy/Editor/Views/Diff/ChangeCategoryTreeViewItem.cs") state(2)
Script is not up to date after domain reload: guid(3f227b28cf424364489edd67fce697bc) path("Packages/com.unity.collab-proxy/Editor/AssetOverlays/Cache/AssetStatusCache.cs") state(2)
Script is not up to date after domain reload: guid(a287a16eb8f0400e86cec102678ab7a5) path("Packages/com.unity.collab-proxy/Editor/CloudDrive/CreateWorkspace/CollaboratorsListViewItem.cs") state(2)
Script is not up to date after domain reload: guid(0ee2845d0d4db9a4a9e8f4f6d0fa4e5e) path("Packages/com.unity.collab-proxy/Editor/Views/History/HistoryListView.cs") state(2)
Script is not up to date after domain reload: guid(226459a134855504d841db6b61519d2b) path("Packages/com.unity.collab-proxy/Editor/AssetOverlays/Cache/LocalStatusCache.cs") state(2)
Script is not up to date after domain reload: guid(2c8b452bcd72d8248a3297ff656f0a7a) path("Packages/com.unity.collab-proxy/Editor/AssetMenu/AssetUVCSOperations.cs") state(2)
Script is not up to date after domain reload: guid(5b6e8a80709e2264eb383ef6b40e181f) path("Packages/com.unity.collab-proxy/Editor/Views/History/HistoryListHeaderState.cs") state(2)
Script is not up to date after domain reload: guid(da54c27b153842f8b52711ef467ad986) path("Packages/com.unity.collab-proxy/Editor/Views/ApplyShelveWithConflictsQuestionerBuilder.cs") state(2)
Script is not up to date after domain reload: guid(f111698d5aafb61479afc143e389a014) path("Packages/com.unity.collab-proxy/Editor/UVCSToolbar/Headless/HeadlessGluonUpdateProgress.cs") state(2)
Script is not up to date after domain reload: guid(cd17bd02643083b43bac72747b7641ff) path("Packages/com.unity.collab-proxy/Editor/IncomingChanges.cs") state(2)
Script is not up to date after domain reload: guid(4f04b21b06239da4f95a5a9753647440) path("Packages/com.unity.collab-proxy/Editor/Views/Merge/Developer/MergeTab.cs") state(2)
Script is not up to date after domain reload: guid(f32f865aa8b3e3341be18107db54b5cb) path("Packages/com.unity.collab-proxy/Editor/UVCSToolbarButtonIsShownPreference.cs") state(2)
Script is not up to date after domain reload: guid(b6aa72bc8240f514988bcccf4cf3cef5) path("Packages/com.unity.collab-proxy/Editor/_Deprecated/WebApi/IsCollabProjectMigratedResponse.cs") state(2)
Script is not up to date after domain reload: guid(3a6fba741cdd5fb4982a73a4d791754f) path("Packages/com.unity.collab-proxy/Editor/UI/DockEditorWindow.cs") state(2)
Script is not up to date after domain reload: guid(9731678ff16392a4d822454ca1052818) path("Packages/com.unity.collab-proxy/Editor/Settings/OpenUVCSProjectSettings.cs") state(2)
Script is not up to date after domain reload: guid(cf7c1a153f50c6548bfff5dfd2ef5dff) path("Packages/com.unity.collab-proxy/Editor/SwitchModeConfirmationDialog.cs") state(2)
Script is not up to date after domain reload: guid(c44a2ac668da0a04d9e567739215b2eb) path("Packages/com.unity.collab-proxy/Editor/AssetMenu/Dialogs/CheckinDialogOperations.cs") state(2)
Script is not up to date after domain reload: guid(e1a6d107a6d177540bc36d82a9449128) path("Packages/com.unity.collab-proxy/Editor/Views/PendingChanges/ChangelistTreeViewItem.cs") state(2)
Script is not up to date after domain reload: guid(ab0090fd6aa8c604a828244d4ba93c84) path("Packages/com.unity.collab-proxy/Editor/UI/Progress/DrawProgressForViews.cs") state(2)
Script is not up to date after domain reload: guid(595175d7af8f8234a9336a60e33b4f32) path("Packages/com.unity.collab-proxy/Editor/UI/Tree/DrawTreeViewItem.cs") state(2)
Script is not up to date after domain reload: guid(6780ea954e283bd4f82686f6e5ebafee) path("Packages/com.unity.collab-proxy/Editor/Views/Branch/Dialogs/DeleteBranchDialog.cs") state(2)
Script is not up to date after domain reload: guid(640fd06dff6f43498693eeda77683e6e) path("Packages/com.unity.collab-proxy/Editor/UI/DrawActionButtonWithMenu.cs") state(2)
Script is not up to date after domain reload: guid(0f34fdc6653d640839eaa1d2bc1bd538) path("Packages/com.unity.collab-proxy/Editor/Views/Locks/LocksViewMenu.cs") state(2)
Script is not up to date after domain reload: guid(1505aa96e5fd82940aacd76e6431e79d) path("Packages/com.unity.collab-proxy/Editor/Views/PendingChanges/Changelists/ChangelistMenu.cs") state(2)
Script is not up to date after domain reload: guid(48e3a3df6bca4ea4eadc40cb1540e43d) path("Packages/com.unity.collab-proxy/Editor/Views/Merge/Developer/MergeOptionsDialog.cs") state(2)
Script is not up to date after domain reload: guid(7c8a8e3e4456f9149905cf2c80aa41a9) path("Packages/com.unity.collab-proxy/Editor/AssetMenu/ProjectViewAssetMenu.cs") state(2)
Script is not up to date after domain reload: guid(363c1190d7979084c84a0421cedb3a51) path("Packages/com.unity.collab-proxy/Editor/WebApi/CurrentUserAdminCheckResponse.cs") state(2)
Script is not up to date after domain reload: guid(c296f9dc5d327e24398979cca08c62c9) path("Packages/com.unity.collab-proxy/Editor/Views/BrowseRepository/BrowseRepositoryTreeView.cs") state(2)
Script is not up to date after domain reload: guid(b10c9294742ed4040ad32d0b73b16c75) path("Packages/com.unity.collab-proxy/Editor/Views/Merge/Developer/MergeSelection.cs") state(2)
Script is not up to date after domain reload: guid(869a0fefec364e959e534cc842837d91) path("Packages/com.unity.collab-proxy/Editor/UI/Tree/PlasticTreeView.cs") state(2)
Script is not up to date after domain reload: guid(fc962e8f744f4e80962b46b05d1c2d27) path("Packages/com.unity.collab-proxy/Editor/UVCSToolbar/PopupWindow/BranchesList/PopupProgressBar.cs") state(2)
Script is not up to date after domain reload: guid(677b354f66fb9d640a93f849362af498) path("Packages/com.unity.collab-proxy/Editor/Views/Labels/LabelsViewMenu.cs") state(2)
Script is not up to date after domain reload: guid(3ccc9b689652f0b40b53c731af81f034) path("Packages/com.unity.collab-proxy/Editor/Views/PendingChanges/Dialogs/LaunchDependenciesDialog.cs") state(2)
Script is not up to date after domain reload: guid(339ab94297b6ceb4da9223a1504a917d) path("Packages/com.unity.collab-proxy/Editor/ProjectPackages.cs") state(2)
Script is not up to date after domain reload: guid(200cab728add43369c716237d4f7b451) path("Packages/com.unity.collab-proxy/Editor/Views/Locks/LocksListHeaderState.cs") state(2)
Script is not up to date after domain reload: guid(224736fab6ec4e119f1f69e2c1d7b554) path("Packages/com.unity.collab-proxy/Editor/CloudDrive/CreateWorkspace/CollaboratorsMultiColumnHeader.cs") state(2)
Script is not up to date after domain reload: guid(86a5230f492b0b14ea583544991668a9) path("Packages/com.unity.collab-proxy/Editor/Views/Merge/Developer/DirectoryConflicts/DeleteChangeMenu.cs") state(2)
Script is not up to date after domain reload: guid(861c52e49f0f474caaeb9f2254cecea3) path("Packages/com.unity.collab-proxy/Editor/UnityPlasticDllVersion.cs") state(2)
Script is not up to date after domain reload: guid(b1b8657301e8ead4a9389eda02c15883) path("Packages/com.unity.collab-proxy/Editor/Views/History/HistoryListViewItem.cs") state(2)
Script is not up to date after domain reload: guid(aba7053d59726d64b86f2c4f98dbb910) path("Packages/com.unity.collab-proxy/Editor/Views/Merge/Developer/DirectoryConflicts/ChangeDeleteMenu.cs") state(2)
Script is not up to date after domain reload: guid(d5deddb7ed7802d41947ef9ac98ccd56) path("Packages/com.unity.collab-proxy/Editor/Views/Merge/Developer/DirectoryConflicts/MovedEvilTwinMenu.cs") state(2)
Script is not up to date after domain reload: guid(e89b1e9e9f1060b4f817977507831248) path("Packages/com.unity.collab-proxy/Editor/Views/Diff/UnityDiffTree.cs") state(2)
Script is not up to date after domain reload: guid(355a2e6bfc40433bbe273ecf2ed08570) path("Packages/com.unity.collab-proxy/Editor/Views/PendingChanges/DrawOperationSuccess.cs") state(2)
Script is not up to date after domain reload: guid(c584c584ba20f4daea226141b9e55bd0) path("Packages/com.unity.collab-proxy/Editor/Views/PendingChanges/Dialogs/DependenciesDialog.cs") state(2)
Script is not up to date after domain reload: guid(69ebbdad2c303214683305d65fe26726) path("Packages/com.unity.collab-proxy/Editor/Views/Merge/Developer/ChangeTreeViewItem.cs") state(2)
Script is not up to date after domain reload: guid(b66027c0b25336640a989133aa6ebdc9) path("Packages/com.unity.collab-proxy/Editor/Views/Merge/Developer/DirectoryConflicts/CycleMoveMenu.cs") state(2)
Script is not up to date after domain reload: guid(4664c2d6dd034f04eb60d4190ee2ffb7) path("Packages/com.unity.collab-proxy/Editor/UI/UIElements/LoadingSpinner.cs") state(2)
Script is not up to date after domain reload: guid(906bc1afa6344104953c1f8f08e54b11) path("Packages/com.unity.collab-proxy/Editor/CloudDrive/Workspaces/DirectoryContent/ProcessDragEvent.cs") state(2)
Script is not up to date after domain reload: guid(ba4e6e12f66973142a87299287cb34dc) path("Packages/com.unity.collab-proxy/Editor/Views/Diff/DiffTreeView.cs") state(2)
Script is not up to date after domain reload: guid(9a496dda1132f2942b00c4f1c427454d) path("Packages/com.unity.collab-proxy/Editor/Views/Shelves/ShelvesTab.cs") state(2)
Script is not up to date after domain reload: guid(b8a49294ba135a2408fd1b26bcda6f97) path("Packages/com.unity.collab-proxy/Editor/AssetMenu/ProjectViewAssetSelection.cs") state(2)
Script is not up to date after domain reload: guid(5013a6f8fee1f2a49b06f75fc5a6ece4) path("Packages/com.unity.collab-proxy/Editor/Views/Merge/Developer/IsCurrent.cs") state(2)
Script is not up to date after domain reload: guid(a7785ffd4a2444038c73d694d2bf3a80) path("Packages/com.unity.collab-proxy/Editor/Entities/GetSubScenePathFromInstance.cs") state(2)
Script is not up to date after domain reload: guid(7495e44f1cb132745a310485807e68f6) path("Packages/com.unity.collab-proxy/Editor/AssetsUtils/RefreshAsset.cs") state(2)
Script is not up to date after domain reload: guid(615fa68a626934ca28141174234fee26) path("Packages/com.unity.collab-proxy/Editor/Views/PendingChanges/Dialogs/CheckinConflictsDialog.cs") state(2)
Script is not up to date after domain reload: guid(8a6ec1abdba94827a2f174dae33832d2) path("Packages/com.unity.collab-proxy/Editor/Views/ShelvePendingChangesDialog.cs") state(2)
Script is not up to date after domain reload: guid(118b64466f3c7c24e98e147660e2eb98) path("Packages/com.unity.collab-proxy/Editor/_Deprecated/WebApi/ChangesetFromCollabCommitResponse.cs") state(2)
Script is not up to date after domain reload: guid(923dacaaac477a941a4a5c7c1657a250) path("Packages/com.unity.collab-proxy/Editor/Views/Diff/MergeCategoryTreeViewItem.cs") state(2)
Script is not up to date after domain reload: guid(845dfcf12f5e02b4ba5ecf690afdfee6) path("Packages/com.unity.collab-proxy/Editor/Views/Merge/Developer/DirectoryConflicts/LoadedTwiceMenu.cs") state(2)
Script is not up to date after domain reload: guid(ee61022c90cce0b49bb0e459b11ec2ee) path("Packages/com.unity.collab-proxy/Editor/UI/UnityPlasticGuiMessage.cs") state(2)
Script is not up to date after domain reload: guid(20341761c2011b441b2a3af227beeb71) path("Packages/com.unity.collab-proxy/Editor/Views/Changesets/ChangesetsSelection.cs") state(2)
Script is not up to date after domain reload: guid(701a688f3cb0245579bf46b63d0b7134) path("Packages/com.unity.collab-proxy/Editor/UI/RunModal.cs") state(2)
Script is not up to date after domain reload: guid(05d31e83a4093e448b45616d62a12790) path("Packages/com.unity.collab-proxy/Editor/Views/PendingChanges/FilesFilterPatternsMenuBuilder.cs") state(2)
Script is not up to date after domain reload: guid(6c114cb79a4a4da99813e9526b36080f) path("Packages/com.unity.collab-proxy/Editor/UVCSToolbar/PopupWindow/BranchesList/BranchesListModel.cs") state(2)
Script is not up to date after domain reload: guid(8b1d1407c22e5844698f18df6a9f1781) path("Packages/com.unity.collab-proxy/Editor/_Deprecated/CollabPlugin.cs") state(2)
Script is not up to date after domain reload: guid(ea76fa5a629244fa9ae3a8d3224aef02) path("Packages/com.unity.collab-proxy/Editor/Gluon/ShelvedChangesNotification.cs") state(2)
Script is not up to date after domain reload: guid(d5366deaa0659eb44aa77a86d8bdc01a) path("Packages/com.unity.collab-proxy/Editor/UI/Tree/GetChangesOverlayIcon.cs") state(2)
Script is not up to date after domain reload: guid(7f9122bc11da473eaa9082bf340c3047) path("Packages/com.unity.collab-proxy/Editor/CloudDrive/Workspaces/DirectoryContent/DirectoryContentPanel.cs") state(2)
Script is not up to date after domain reload: guid(c197d289bbe8d4e418c3de49a40fd1b5) path("Packages/com.unity.collab-proxy/Editor/Views/Shelves/ShelvesListHeaderState.cs") state(2)
Script is not up to date after domain reload: guid(a8bf7716389c4dfe840c4e747033debc) path("Packages/com.unity.collab-proxy/Editor/CloudDrive/CreateWorkspace/CollaboratorsListView.cs") state(2)
Script is not up to date after domain reload: guid(10358899f0bd35840af31b6f9f5b4ac0) path("Packages/com.unity.collab-proxy/Editor/Views/BrowseRepository/BrowseRepositoryViewItem.cs") state(2)
Script is not up to date after domain reload: guid(c408e05e88bc93c458a3195b15e9d625) path("Packages/com.unity.collab-proxy/Editor/Views/Merge/Developer/ChangeCategoryTreeViewItem.cs") state(2)
Script is not up to date after domain reload: guid(149e37d5faf2b2a4099fb209bbd38113) path("Packages/com.unity.collab-proxy/Editor/ParentWindow.cs") state(2)
Script is not up to date after domain reload: guid(583732806f7c49c3aece28f1c2ad8d7b) path("Packages/com.unity.collab-proxy/Editor/CloudDrive/Workspaces/DirectoryContent/ItemsPosition.cs") state(2)
Script is not up to date after domain reload: guid(077387e98bf29fb4a97bccfb592cfaf7) path("Packages/com.unity.collab-proxy/Editor/Configuration/CloudEdition/Welcome/WaitingSignInPanel.cs") state(2)
Script is not up to date after domain reload: guid(9019d1f6d4a14cb49a269dbffb6ea011) path("Packages/com.unity.collab-proxy/Editor/UVCSConnectionMonitor.cs") state(2)
Script is not up to date after domain reload: guid(408f89d90a01494cbef838c7d21449a9) path("Packages/com.unity.collab-proxy/Editor/AssetOverlays/AssetOverlay.cs") state(2)
Script is not up to date after domain reload: guid(6de94dccb9344367a5c94b087d3cc1e2) path("Packages/com.unity.collab-proxy/Editor/CloudDrive/Workspaces/DirectoryContent/ProcessItemsGridViewEvent.cs") state(2)
Script is not up to date after domain reload: guid(397f62458d0ad3441aaaa1a738bd4f94) path("Packages/com.unity.collab-proxy/Editor/Views/Changesets/ChangesetsViewMenu.cs") state(2)
Script is not up to date after domain reload: guid(1c9b352f456640c9925a381f736ecb5d) path("Packages/com.unity.collab-proxy/Editor/Settings/DiffAndMergeOptionsFoldout.cs") state(2)
Script is not up to date after domain reload: guid(d6db53f93de967c489902da57a7290a1) path("Packages/com.unity.collab-proxy/Editor/Views/Merge/Developer/IsResolved.cs") state(2)
Script is not up to date after domain reload: guid(8e6494de947444dc9a132f39b8faa02c) path("Packages/com.unity.collab-proxy/Editor/UVCSToolbar/PopupWindow/BranchesList/ErrorEmptyState.cs") state(2)
Script is not up to date after domain reload: guid(fdec637f96aaa6546ad88a90cae5dcf1) path("Packages/com.unity.collab-proxy/Editor/AssetsUtils/Processor/WorkspaceOperationsMonitor.cs") state(2)
Script is not up to date after domain reload: guid(0a3ad267026374439be70d4b4cd3d4f7) path("Packages/com.unity.collab-proxy/Editor/UI/UnityStyles.cs") state(2)
Script is not up to date after domain reload: guid(471badd5c87fb154885f11cdf1b49a00) path("Packages/com.unity.collab-proxy/Editor/Views/Changesets/ChangesetsTab.cs") state(2)
Script is not up to date after domain reload: guid(a9298a2c04dfc944bbc6ea156f4e2104) path("Packages/com.unity.collab-proxy/Editor/Views/Welcome/WelcomeView.cs") state(2)
Script is not up to date after domain reload: guid(953c29d2e0dece647a64940343c91547) path("Packages/com.unity.collab-proxy/Editor/AssetOverlays/Cache/LockStatusCache.cs") state(2)
Script is not up to date after domain reload: guid(61c9e0bcd840dcb4f907e8cc9b89772a) path("Packages/com.unity.collab-proxy/Editor/StatusBar/GUIContentNotification.cs") state(2)
Script is not up to date after domain reload: guid(c8e89e66728f4cf4b2835b9e6c0a1690) path("Packages/com.unity.collab-proxy/Editor/Views/Shelves/ShelvesViewMenu.cs") state(2)
Script is not up to date after domain reload: guid(8c069d7fb0d30cf499458f0d9c9fe035) path("Packages/com.unity.collab-proxy/Editor/UI/Errors/ErrorsListHeaderState.cs") state(2)
Script is not up to date after domain reload: guid(f1969c6a4a44a474983058896f48d9f5) path("Packages/com.unity.collab-proxy/Editor/Configuration/SSOCredentialsDialog.cs") state(2)
Script is not up to date after domain reload: guid(f213e847b2dfa264ea3243bef42fbef0) path("Packages/com.unity.collab-proxy/Editor/UI/UIElements/ProgressControlsForDialogs.cs") state(2)
Script is not up to date after domain reload: guid(4b03b609705fa2945b8de9fb63a8ca68) path("Packages/com.unity.collab-proxy/Editor/Views/Labels/LabelsTab.cs") state(2)
Script is not up to date after domain reload: guid(e34298b6d08a46c4191e87726f21c0e5) path("Packages/com.unity.collab-proxy/Editor/CloudDrive/CloudDrivePlugin.cs") state(2)
Script is not up to date after domain reload: guid(d840e39b62104a49b973d5503477c555) path("Packages/com.unity.collab-proxy/Editor/OrganizationsInformation.cs") state(2)
Script is not up to date after domain reload: guid(9e592d81aca24e489c0bac69b894dd31) path("Packages/com.unity.collab-proxy/Editor/Views/Branch/SerializableBranchesTabState.cs") state(2)
Script is not up to date after domain reload: guid(f88a4e9dbb5a07744954a86cbb61d54f) path("Packages/com.unity.collab-proxy/Editor/Views/Merge/Developer/DirectoryConflicts/ConflictResolutionState.cs") state(2)
Script is not up to date after domain reload: guid(4932f8b3d8c26804bb16dc5cb5b766ce) path("Packages/com.unity.collab-proxy/Editor/WebApi/TokenExchangeResponse.cs") state(2)
Script is not up to date after domain reload: guid(193169bf9ce845319ec19a5beb1f3afb) path("Packages/com.unity.collab-proxy/Editor/RecommendToEnableManualCheckout.cs") state(2)
Script is not up to date after domain reload: guid(0188683ab76112f4897348feb19a3b77) path("Packages/com.unity.collab-proxy/Editor/Gluon/UpdateReport/ErrorListViewItem.cs") state(2)
Script is not up to date after domain reload: guid(d8da5f578b092c047880b2897f1adf08) path("Packages/com.unity.collab-proxy/Editor/UVCSToolbar/Headless/HeadlessGluonUpdateReport.cs") state(2)
Script is not up to date after domain reload: guid(2bd4f044bfa05a14ebd7f4e6dcd0fb74) path("Packages/com.unity.collab-proxy/Editor/StatusBar/INotificationContent.cs") state(2)
Script is not up to date after domain reload: guid(6fb9548ec1290b943b7beca241c81e7d) path("Packages/com.unity.collab-proxy/Editor/Views/Merge/Gluon/UnityIncomingChangesTree.cs") state(2)
Script is not up to date after domain reload: guid(e2ca16ee0b283be4f95ca8c96e549d3a) path("Packages/com.unity.collab-proxy/Editor/Views/Shelves/ShelvesSelection.cs") state(2)
Script is not up to date after domain reload: guid(63860c9f5f91cbb4ea813deafa1327a0) path("Packages/com.unity.collab-proxy/Editor/WebApi/SubscriptionDetailsResponse.cs") state(2)
Script is not up to date after domain reload: guid(40771e457c113c441b7ec6c975584675) path("Packages/com.unity.collab-proxy/Editor/PackageInfo.cs") state(2)
Script is not up to date after domain reload: guid(f79c84772bc81844fb9e662249f1e400) path("Packages/com.unity.collab-proxy/Editor/UI/CheckUnityException.cs") state(2)
Script is not up to date after domain reload: guid(38b05cc5af29cf844a31910eb512e92f) path("Packages/com.unity.collab-proxy/Editor/UI/Tree/TreeHeaderSettings.cs") state(2)
Script is not up to date after domain reload: guid(0314dccd274f6d14b9aed2d661164330) path("Packages/com.unity.collab-proxy/Editor/TestingPreference.cs") state(2)
Script is not up to date after domain reload: guid(3a4d62c64067bca4cbbd6f7fcad2e190) path("Packages/com.unity.collab-proxy/Editor/Views/DateFilter.cs") state(2)
Script is not up to date after domain reload: guid(f957d659be9dee74fb0f993b67b2d044) path("Packages/com.unity.collab-proxy/Editor/UVCSToolbar/Headless/HeadlessProgressControls.cs") state(2)
Script is not up to date after domain reload: guid(ea0c99d9630e5ca40ba541545beec9b8) path("Packages/com.unity.collab-proxy/Editor/UVCSNotification.cs") state(2)
Script is not up to date after domain reload: guid(75c9f3ad270d332499854cfab52bb2d7) path("Packages/com.unity.collab-proxy/Editor/UI/UndoRedo/UndoRedoTextArea.cs") state(2)
Script is not up to date after domain reload: guid(f4519099779a46cdb95ca9e1d96b7895) path("Packages/com.unity.collab-proxy/Editor/Views/Locks/LocksListViewItem.cs") state(2)
Script is not up to date after domain reload: guid(fe6ad6eb139a49f4a02d9794e934bd9c) path("Packages/com.unity.collab-proxy/Editor/Entities/HierarchyExtensions.cs") state(2)
Script is not up to date after domain reload: guid(85f4628ae66f0eb439e59db66adbc696) path("Packages/com.unity.collab-proxy/Editor/Configuration/CloudEdition/Welcome/SignInWithEmailPanel.cs") state(2)
Script is not up to date after domain reload: guid(25e3b426e5be4f64db3f9184fd625379) path("Packages/com.unity.collab-proxy/Editor/UI/CloseWindowIfOpened.cs") state(2)
Script is not up to date after domain reload: guid(f97de48c25074cb98c450adbdebf0dbb) path("Packages/com.unity.collab-proxy/Editor/_Deprecated/UI/CooldownWindowDelayer.cs") state(2)
Script is not up to date after domain reload: guid(50d82b3e371b7cc42abc2999039b19cb) path("Packages/com.unity.collab-proxy/Editor/Configuration/CredentialsUIImpl.cs") state(2)
Script is not up to date after domain reload: guid(1b909cb14b9a08c45b5d03f0b61feecb) path("Packages/com.unity.collab-proxy/Editor/Views/Branch/BranchesListView.cs") state(2)
Script is not up to date after domain reload: guid(d4892be964ca3214da1069b29deb0e5e) path("Packages/com.unity.collab-proxy/Editor/Views/Labels/LabelsListView.cs") state(2)
Script is not up to date after domain reload: guid(e26dd2ea146011948b8e7518465ea71a) path("Packages/com.unity.collab-proxy/Editor/UI/DialogWithCheckBox.cs") state(2)
Script is not up to date after domain reload: guid(f8686930677b1f44d9ad7deab4888955) path("Packages/com.unity.collab-proxy/Editor/Views/Merge/DrawMergeOverview.cs") state(2)
Script is not up to date after domain reload: guid(146c16184e337574f9f3baf6d467907a) path("Packages/com.unity.collab-proxy/Editor/Developer/UpdateReport/UpdateReportLineListViewItem.cs") state(2)
Script is not up to date after domain reload: guid(e7b15873dbe9463cad67af4fac8e41ba) path("Packages/com.unity.collab-proxy/Editor/Views/PendingChanges/PendingChangesMultiColumnHeader.cs") state(2)
Script is not up to date after domain reload: guid(f14e29936e8d4feb9bb398b7cbb8fd5a) path("Packages/com.unity.collab-proxy/Editor/CloudDrive/Workspaces/DirectoryContent/ItemsGridView.cs") state(2)
Script is not up to date after domain reload: guid(d3daa94b5fca9a648b12f6ef2aae752f) path("Packages/com.unity.collab-proxy/Editor/AssetsUtils/Processor/UVCSAssetsProcessor.cs") state(2)
Script is not up to date after domain reload: guid(788db2c7ca3c2804d912f447ffc19856) path("Packages/com.unity.collab-proxy/Editor/Views/CreateWorkspace/DrawCreateWorkspaceView.cs") state(2)
Script is not up to date after domain reload: guid(14c7ad7d838cc1d4691f5d9ca504f0ac) path("Packages/com.unity.collab-proxy/Editor/DrawGuiModeSwitcher.cs") state(2)
Script is not up to date after domain reload: guid(79a84f5f92624d57ae40a84a53bd9d24) path("Packages/com.unity.collab-proxy/Editor/UI/Errors/ErrorsPanel.cs") state(2)
Script is not up to date after domain reload: guid(f6aa8eca9e9e84840b73620eb177ea9e) path("Packages/com.unity.collab-proxy/Editor/CheckWorkspaceTreeNodeStatus.cs") state(2)
Script is not up to date after domain reload: guid(7ff9581aa143f4d41b4e351881b8f459) path("Packages/com.unity.collab-proxy/Editor/Views/Changesets/ChangesetsListHeaderState.cs") state(2)
Script is not up to date after domain reload: guid(896223e567b01c747b4726ef429e31ea) path("Packages/com.unity.collab-proxy/Editor/ViewSwitcher.cs") state(2)
Script is not up to date after domain reload: guid(bcc8e3fcf0e9fb0478604e86fa679bcd) path("Packages/com.unity.collab-proxy/Editor/Views/Shelves/ShelveListViewItem.cs") state(2)
Script is not up to date after domain reload: guid(c08cfcfc4c2c46c46940ed103538acae) path("Packages/com.unity.collab-proxy/Editor/UI/DrawActionButton.cs") state(2)
Script is not up to date after domain reload: guid(97b51e80cfabfe341958267f3d6c2ed6) path("Packages/com.unity.collab-proxy/Editor/UI/EntryBuilder.cs") state(2)
Script is not up to date after domain reload: guid(2bdca37e8ede38949a186765fa1eefc6) path("Packages/com.unity.collab-proxy/Editor/UI/ShowWindow.cs") state(2)
Script is not up to date after domain reload: guid(75e502da07ff345528edbecd094b5cb5) path("Packages/com.unity.collab-proxy/Editor/UI/DelayedActionBySecondsRunner.cs") state(2)
Script is not up to date after domain reload: guid(5294f667272fcb2438a79369c92cc7e7) path("Packages/com.unity.collab-proxy/Editor/Views/CreateWorkspace/CreateWorkspaceView.cs") state(2)
Script is not up to date after domain reload: guid(c0faad526f5548c1a53c288b045580b0) path("Packages/com.unity.collab-proxy/Editor/UI/DelayedActionByFramesRunner.cs") state(2)
Script is not up to date after domain reload: guid(c3cec769cd6ff2849aa09c811b62e611) path("Packages/com.unity.collab-proxy/Editor/Views/History/HistoryListViewMenu.cs") state(2)
Script is not up to date after domain reload: guid(802adf99bdbb1a3439a0a09ae5664192) path("Packages/com.unity.collab-proxy/Editor/AssetsUtils/SaveAssets.cs") state(2)
Script is not up to date after domain reload: guid(e436e24eba68eff48b3fb264ad0ab953) path("Packages/com.unity.collab-proxy/Editor/UI/EditorProgressControls.cs") state(2)
Script is not up to date after domain reload: guid(3ee6978573f6f410a9b799889ea0ad13) path("Packages/com.unity.collab-proxy/Editor/Views/PendingChanges/PendingMergeLinks/MergeLinksListView.cs") state(2)
Script is not up to date after domain reload: guid(2f1b1f864205414fb1d64a6c465e0378) path("Packages/com.unity.collab-proxy/Editor/UVCSToolbar/PopupWindow/ControlledPopupWindow.cs") state(2)
Script is not up to date after domain reload: guid(2e38b4690fec967478ecffad444155e6) path("Packages/com.unity.collab-proxy/Editor/_Deprecated/WebApi/OrganizationCredentials.cs") state(2)
Script is not up to date after domain reload: guid(1b769279d1324508b645aea1a29bae8c) path("Packages/com.unity.collab-proxy/Editor/Toolbar/UVCSToolbarButton.cs") state(2)
Script is not up to date after domain reload: guid(d06d818a8b620bd4fb87f10782aec42b) path("Packages/com.unity.collab-proxy/Editor/Views/Merge/Developer/DirectoryConflicts/AddMoveMenu.cs") state(2)
Script is not up to date after domain reload: guid(abdd7cad9f7d58546ac746130105711a) path("Packages/com.unity.collab-proxy/Editor/CloudDrive/CreateWorkspace/CreateWorkspaceView.cs") state(2)
Script is not up to date after domain reload: guid(aa3f399d17e1dcf4c9e417ffce5eb905) path("Packages/com.unity.collab-proxy/Editor/UI/Progress/ProgressControlsForDialogs.cs") state(2)
Script is not up to date after domain reload: guid(c63e2acf5cfd4816b950cf4bf6381b6f) path("Packages/com.unity.collab-proxy/Editor/CloudDrive/Workspaces/CloudWorkspacesView.cs") state(2)
Script is not up to date after domain reload: guid(4064021de8c73d44f9d4a0f99d80d5b0) path("Packages/com.unity.collab-proxy/Editor/CloudDrive/CloudDriveWindow.cs") state(2)
Script is not up to date after domain reload: guid(f4e5325f424d436485dacca7a8d05f0c) path("Packages/com.unity.collab-proxy/Editor/UVCSToolbar/PopupWindow/BranchesList/NoBranchesEmptyState.cs") state(2)
Script is not up to date after domain reload: guid(6000865ce7fbfc643abdd3d085b4422e) path("Packages/com.unity.collab-proxy/Editor/Views/Changesets/ChangesetListViewItem.cs") state(2)
Script is not up to date after domain reload: guid(1b0473213bc885840bb309ebce32b6fb) path("Packages/com.unity.collab-proxy/Editor/UVCSToolbar/Headless/HeadlessMergeViewLauncher.cs") state(2)
Script is not up to date after domain reload: guid(e2d43d3b3af668e4fb7dbf4f2b7384e5) path("Packages/com.unity.collab-proxy/Editor/UVCSToolbar/PopupWindow/Operations/UncontrolledPopupOperations.cs") state(2)
Script is not up to date after domain reload: guid(4acd46006c88d7844ac06086ca0b1481) path("Packages/com.unity.collab-proxy/Editor/UVCSToolbar/PopupWindow/Operations/ControlledPopupOperations.cs") state(2)
Script is not up to date after domain reload: guid(217d1c918b0005940b43c6099bbad952) path("Packages/com.unity.collab-proxy/Editor/Toolbar/UVCSToolbarBoostrap.cs") state(2)
Script is not up to date after domain reload: guid(f6b5d170f39144847822c10b478f25e5) path("Packages/com.unity.collab-proxy/Editor/Hub/ParseArguments.cs") state(2)
Script is not up to date after domain reload: guid(1f51551c797bb44418a61b0f18e6c604) path("Packages/com.unity.collab-proxy/Editor/Views/BrowseRepository/BrowseRepositoryPanel.cs") state(2)
Script is not up to date after domain reload: guid(12617ab1a25fb574c85cdfaf5129d59d) path("Packages/com.unity.collab-proxy/Editor/Views/Shelves/ShelvesListView.cs") state(2)
Script is not up to date after domain reload: guid(7deb947d51d34c76aa03ec6d3a07a4ec) path("Packages/com.unity.collab-proxy/Editor/CloudDrive/Workspaces/Tree/CloudWorkspacesTreeViewItem.cs") state(2)
Script is not up to date after domain reload: guid(b29af44841cd6644e876233cd057bc18) path("Packages/com.unity.collab-proxy/Editor/Views/CreateWorkspace/Dialogs/RepositoryExplorerDialog.cs") state(2)
Script is not up to date after domain reload: guid(d9369fa547ca81b4fafa42a3e74c1b7a) path("Packages/com.unity.collab-proxy/Editor/AssetsUtils/GetSelectedPaths.cs") state(2)
Script is not up to date after domain reload: guid(68d5bb402c52edc48b494a59b8971758) path("Packages/com.unity.collab-proxy/Editor/Configuration/EncryptionConfigurationDialog.cs") state(2)
Script is not up to date after domain reload: guid(db9d246046f68df409cf1f58ea3dcc68) path("Packages/com.unity.collab-proxy/Editor/_Deprecated/PlasticPlugin.cs") state(2)
Script is not up to date after domain reload: guid(1686ac2e1d109ed43bf2dec74fed784f) path("Packages/com.unity.collab-proxy/Editor/AssetMenu/AssetsSelection.cs") state(2)
Script is not up to date after domain reload: guid(31fe6c8e7de5e554b8d261d6870cde2b) path("Packages/com.unity.collab-proxy/Editor/Views/Labels/Dialogs/RenameLabelDialog.cs") state(2)
Script is not up to date after domain reload: guid(ade7225274b3d4c32a9eb7e64f83c5a1) path("Packages/com.unity.collab-proxy/Editor/Views/PendingChanges/ChangeCategoryTreeViewItem.cs") state(2)
Script is not up to date after domain reload: guid(b77071fd36e946809b40d79e6ba9fe8a) path("Packages/com.unity.collab-proxy/Editor/AssetsUtils/Processor/UnityCloudProjectLinkMonitor.cs") state(2)
Script is not up to date after domain reload: guid(1dc96db8ece508c4696f7e89c2cd11e3) path("Packages/com.unity.collab-proxy/Editor/UnityConfigurationChecker.cs") state(2)
Script is not up to date after domain reload: guid(41633509da720014cbd77f755b378ce7) path("Packages/com.unity.collab-proxy/Editor/Views/CreateWorkspace/CreateWorkspaceViewState.cs") state(2)
Script is not up to date after domain reload: guid(615ff93ab52eb8242a9194d4f711676f) path("Packages/com.unity.collab-proxy/Editor/Configuration/CloudEdition/Welcome/OrganizationPanel.cs") state(2)
Script is not up to date after domain reload: guid(5717b3e29bf6a2b48be2cf9d0707c505) path("Packages/com.unity.collab-proxy/Editor/UVCSToolbar/UVCSToolbar.cs") state(2)
Script is not up to date after domain reload: guid(7985a2b6ab3fac849929b1e2d51fe9cf) path("Packages/com.unity.collab-proxy/Editor/Hub/Operations/OperationParams.cs") state(2)
Script is not up to date after domain reload: guid(f3bae7db75ee4b749b96add6a75de44d) path("Packages/com.unity.collab-proxy/Editor/Views/BrowseRepository/BrowseRepositoryHeaderState.cs") state(2)
Script is not up to date after domain reload: guid(30e9a0b4c58f24512803e160e0216686) path("Packages/com.unity.collab-proxy/Editor/WorkspaceWindow.cs") state(2)
Begin MonoManager ReloadAssembly
TypeRef ResolutionScope not yet handled (218) for .IMergeView in image /Users/racheloh/Desktop/csci526/paired-prototype-skill-limited/Paired Prototype/Library/ScriptAssemblies/Unity.PlasticSCM.Editor.dll
Unloading broken assembly Library/ScriptAssemblies/Unity.PlasticSCM.Editor.dll, this assembly can cause crashes in the runtime
- Loaded All Assemblies, in  0.423 seconds
Refreshing native plugins compatible for Editor in 1.13 ms, found 2 plugins.
Could not load signature of Unity.PlasticSCM.Editor.Gluon.UpdateReport.UpdateReportDialog:ShowUpdateReport due to: Could not resolve type with token 0100006b from typeref (expected class 'Codice.Client.BaseCommands.ErrorMessage' in assembly 'unityplastic, Version=11.0.16.8204, Culture=neutral, PublicKeyToken=a107c9c6e34c8876') assembly:unityplastic, Version=11.0.16.8204, Culture=neutral, PublicKeyToken=a107c9c6e34c8876 type:Codice.Client.BaseCommands.ErrorMessage member:(null)
Could not load signature of Unity.PlasticSCM.Editor.Gluon.UpdateReport.UpdateReportDialog:UpdateUpdateReportList due to: Could not resolve type with token 0100006b from typeref (expected class 'Codice.Client.BaseCommands.ErrorMessage' in assembly 'unityplastic, Version=11.0.16.8204, Culture=neutral, PublicKeyToken=a107c9c6e34c8876') assembly:unityplastic, Version=11.0.16.8204, Culture=neutral, PublicKeyToken=a107c9c6e34c8876 type:Codice.Client.BaseCommands.ErrorMessage member:(null)
Could not load signature of Unity.PlasticSCM.Editor.Gluon.UpdateReport.UpdateReportDialog:GetErrorDetailsText due to: Could not resolve type with token 0100006b from typeref (expected class 'Codice.Client.BaseCommands.ErrorMessage' in assembly 'unityplastic, Version=11.0.16.8204, Culture=neutral, PublicKeyToken=a107c9c6e34c8876') assembly:unityplastic, Version=11.0.16.8204, Culture=neutral, PublicKeyToken=a107c9c6e34c8876 type:Codice.Client.BaseCommands.ErrorMessage member:(null)
Could not load signature of Unity.PlasticSCM.Editor.Gluon.UpdateReport.UpdateReportDialog:DoErrorDetailsTextArea due to: Could not resolve type with token 0100006b from typeref (expected class 'Codice.Client.BaseCommands.ErrorMessage' in assembly 'unityplastic, Version=11.0.16.8204, Culture=neutral, PublicKeyToken=a107c9c6e34c8876') assembly:unityplastic, Version=11.0.16.8204, Culture=neutral, PublicKeyToken=a107c9c6e34c8876 type:Codice.Client.BaseCommands.ErrorMessage member:(null)
Could not load signature of Unity.PlasticSCM.Editor.Gluon.UpdateReport.UpdateReportDialog:Create due to: Could not resolve type with token 0100006b from typeref (expected class 'Codice.Client.BaseCommands.ErrorMessage' in assembly 'unityplastic, Version=11.0.16.8204, Culture=neutral, PublicKeyToken=a107c9c6e34c8876') assembly:unityplastic, Version=11.0.16.8204, Culture=neutral, PublicKeyToken=a107c9c6e34c8876 type:Codice.Client.BaseCommands.ErrorMessage member:(null)
Native extension for OSXStandalone target not found
Native extension for WebGL target not found
Package Manager log level set to [2]
[Package Manager] Server::EnsureServerProcessIsRunning -- launch failed, reason: Unity was launched with the -noUpm command-line argument
[Package Manager] UpmClient::Send -- Unable to send message (not connected to UPM process).
[Package Manager] Cannot connect to Unity Package Manager local server
Mono: successfully reloaded assembly
- Finished resetting the current domain, in  0.393 seconds
Domain Reload Profiling: 816ms
	BeginReloadAssembly (89ms)
		ExecutionOrderSort (0ms)
		DisableScriptedObjects (4ms)
		BackupInstance (0ms)
		ReleaseScriptingObjects (0ms)
		CreateAndSetChildDomain (21ms)
	RebuildCommonClasses (30ms)
	RebuildNativeTypeToScriptingClass (10ms)
	initialDomainReloadingComplete (28ms)
	LoadAllAssembliesAndSetupDomain (265ms)
		LoadAssemblies (160ms)
		RebuildTransferFunctionScriptingTraits (0ms)
		AnalyzeDomain (142ms)
			TypeCache.Refresh (128ms)
				TypeCache.ScanAssembly (115ms)
			ScanForSourceGeneratedMonoScriptInfo (10ms)
			ResolveRequiredComponents (3ms)
	FinalizeReload (394ms)
		ReleaseScriptCaches (0ms)
		RebuildScriptCaches (0ms)
		SetupLoadedEditorAssemblies (283ms)
			LogAssemblyErrors (0ms)
			InitializePlatformSupportModulesInManaged (3ms)
			SetLoadedEditorAssemblies (2ms)
			RefreshPlugins (0ms)
			BeforeProcessingInitializeOnLoad (37ms)
			ProcessInitializeOnLoadAttributes (226ms)
			ProcessInitializeOnLoadMethodAttributes (14ms)
			AfterProcessingInitializeOnLoad (1ms)
			EditorAssembliesLoaded (0ms)
		ExecutionOrderSort2 (0ms)
		AwakeInstancesAfterBackupRestoration (3ms)
Script is not up to date after domain reload: guid(f8fb5a27b8554a74b8c566355a3c50f9) path("Packages/com.unity.collab-proxy/Editor/StatusBar/NotificationBar.cs") state(2)
Script is not up to date after domain reload: guid(3787875fc84246d0a47d8c123d4ea5fc) path("Packages/com.unity.collab-proxy/Editor/UI/Tree/EmptyStatePanel.cs") state(2)
Script is not up to date after domain reload: guid(2986eff1677c33345b223bdaaee2d284) path("Packages/com.unity.collab-proxy/Editor/UI/Tree/TreeViewItemIds.cs") state(2)
Script is not up to date after domain reload: guid(9b917d42ad338ab4494088f574472998) path("Packages/com.unity.collab-proxy/Editor/Views/Merge/Gluon/IncomingChangesTab.cs") state(2)
Script is not up to date after domain reload: guid(f1b80531a496e644abedd795c21274cb) path("Packages/com.unity.collab-proxy/Editor/Developer/ProgressOperationHandler.cs") state(2)
Script is not up to date after domain reload: guid(a0fc5252a48d8b34f945b4ae3ad45030) path("Packages/com.unity.collab-proxy/Editor/Views/Branch/Dialogs/CreateBranchDialog.cs") state(2)
Script is not up to date after domain reload: guid(fb7decaf4f8be254dafddd860f82f560) path("Packages/com.unity.collab-proxy/Editor/Views/PendingChanges/PendingMergeLinks/MergeLinkListViewItem.cs") state(2)
Script is not up to date after domain reload: guid(ec42e544b2c5739459971099e469936b) path("Packages/com.unity.collab-proxy/Editor/CloudDrive/Workspaces/DirectoryContent/DrawItemsGridView.cs") state(2)
Script is not up to date after domain reload: guid(54390afd4066b724d9a802ff75bed13b) path("Packages/com.unity.collab-proxy/Editor/UI/DrawTextBlockWithLink.cs") state(2)
Script is not up to date after domain reload: guid(72b48557f4cf3d8438cbf59b123364ff) path("Packages/com.unity.collab-proxy/Editor/CloudDrive/Workspaces/Tree/CloudWorkspacesSelection.cs") state(2)
Script is not up to date after domain reload: guid(014287a1a6b67dd4e867168699dfdc2a) path("Packages/com.unity.collab-proxy/Editor/UI/Tree/TableViewOperations.cs") state(2)
Script is not up to date after domain reload: guid(7b85d37b2f076804f8b93f821d6ff88e) path("Packages/com.unity.collab-proxy/Editor/SwitchUVCSPlugin.cs") state(2)
Script is not up to date after domain reload: guid(9553f392d0be2a24daf3cad457d2c612) path("Packages/com.unity.collab-proxy/Editor/Views/History/HistorySelection.cs") state(2)
Script is not up to date after domain reload: guid(ac908610ab768459d9be962750408b43) path("Packages/com.unity.collab-proxy/Editor/UI/PlasticDialog.cs") state(2)
Script is not up to date after domain reload: guid(28ce2dedf734c7c4e8ad114c00173d65) path("Packages/com.unity.collab-proxy/Editor/Inspector/DrawInspectorOperations.cs") state(2)
Script is not up to date after domain reload: guid(421fea03dd9d4ac089ca279ee87c573b) path("Packages/com.unity.collab-proxy/Editor/Views/EnableSwitchAndShelveFeatureDialog.cs") state(2)
Script is not up to date after domain reload: guid(4d56de0c1ce671a4bb95fe9b9abe4fa5) path("Packages/com.unity.collab-proxy/Editor/PackageEntryPoint.cs") state(2)
Script is not up to date after domain reload: guid(db6cbe7586694d6fb3c944d67973d313) path("Packages/com.unity.collab-proxy/Editor/Developer/ShelvedChangesNotification.cs") state(2)
Script is not up to date after domain reload: guid(4a34e3ce3dbf5594ba28a57fa297a72c) path("Packages/com.unity.collab-proxy/Editor/Views/Labels/Dialogs/CreateLabelDialog.cs") state(2)
Script is not up to date after domain reload: guid(71c34e5fa319ca644b6806e573c33d88) path("Packages/com.unity.collab-proxy/Editor/UI/Errors/ErrorListViewItem.cs") state(2)
Script is not up to date after domain reload: guid(bdab12da216948e2a24b90b910e519c0) path("Packages/com.unity.collab-proxy/Editor/CloudDrive/WindowStatusBar.cs") state(2)
Script is not up to date after domain reload: guid(9b17ac8ceb35dc74fbf646862e01a782) path("Packages/com.unity.collab-proxy/Editor/Gluon/IncomingChangesNotification.cs") state(2)
Script is not up to date after domain reload: guid(94a5d27698bed3d42beabebcedbf1f23) path("Packages/com.unity.collab-proxy/Editor/Hub/ProcessHubCommand.cs") state(2)
Script is not up to date after domain reload: guid(7f2f2eb277e02054cbc5ccee904b593b) path("Packages/com.unity.collab-proxy/Editor/Views/Merge/Gluon/IncomingChangesTreeView.cs") state(2)
Script is not up to date after domain reload: guid(182343c61d477e2449cfbc9cb20dfb35) path("Packages/com.unity.collab-proxy/Editor/Views/Merge/Developer/MergeViewMenu.cs") state(2)
Script is not up to date after domain reload: guid(05b4d56bb0dca1b458c2e10c2548663b) path("Packages/com.unity.collab-proxy/Editor/Views/PendingChanges/PendingChangesTab_Operations.cs") state(2)
Script is not up to date after domain reload: guid(59e682a8b37338a46910fa9a939425e3) path("Packages/com.unity.collab-proxy/Editor/Views/Changesets/ChangesetsListView.cs") state(2)
Script is not up to date after domain reload: guid(c456fa791a741a045a8a99ee73af2ae6) path("Packages/com.unity.collab-proxy/Editor/AssetMenu/AssetMenuOperations.cs") state(2)
Script is not up to date after domain reload: guid(debee4373c127c24283da343819c77d4) path("Packages/com.unity.collab-proxy/Editor/Views/PendingChanges/PendingChangesStatusSuccessNotificationContent.cs") state(2)
Script is not up to date after domain reload: guid(1234b834dc1882e4d8e25b2f6cd9d6d6) path("Packages/com.unity.collab-proxy/Editor/UI/Tree/TreeViewSessionState.cs") state(2)
Script is not up to date after domain reload: guid(0ac2f78c10614679a284c28dd3a8d8e8) path("Packages/com.unity.collab-proxy/Editor/UVCSToolbar/PopupWindow/BranchesList/LoadingEmptyState.cs") state(2)
Script is not up to date after domain reload: guid(d7826644a043a9b4cb6b1f06c937cad7) path("Packages/com.unity.collab-proxy/Editor/UVCSToolbar/Headless/HeadlessUpdateProgress.cs") state(2)
Script is not up to date after domain reload: guid(732707d2b1ec963458b4ab9ffe539cbe) path("Packages/com.unity.collab-proxy/Editor/Views/Branch/BranchesTab_Operations.cs") state(2)
Script is not up to date after domain reload: guid(6629f1bb292b749a18b5fff7994c8b19) path("Packages/com.unity.collab-proxy/Editor/UVCSWindow.cs") state(2)
Script is not up to date after domain reload: guid(023009af66be2da4d84bf23700528308) path("Packages/com.unity.collab-proxy/Editor/UI/UnityEvents.cs") state(2)
Script is not up to date after domain reload: guid(474f848599824c969ea9f3e5db753200) path("Packages/com.unity.collab-proxy/Editor/CloudDrive/Workspaces/DirectoryContent/ItemsGridSelection.cs") state(2)
Script is not up to date after domain reload: guid(a55fcf87e0ee4d5a83d10fab9c9407fe) path("Packages/com.unity.collab-proxy/Editor/Views/SelectNewCodeReviewBehavior.cs") state(2)
Script is not up to date after domain reload: guid(a9881fce7e445b84bbbd53752db30fe9) path("Packages/com.unity.collab-proxy/Editor/Views/Merge/Developer/DirectoryConflicts/DrawDirectoryResolutionPanel.cs") state(2)
Script is not up to date after domain reload: guid(a863d083557069b458628045916c1724) path("Packages/com.unity.collab-proxy/Editor/UVCSToolbar/Headless/HeadlessGluonViewHost.cs") state(2)
Script is not up to date after domain reload: guid(c95121e1e2d89e648b9d0aed259caad9) path("Packages/com.unity.collab-proxy/Editor/Configuration/TeamEdition/TeamEditionConfigurationWindow.cs") state(2)
Script is not up to date after domain reload: guid(7aad121cec1867b4493b3b31bc5c8a26) path("Packages/com.unity.collab-proxy/Editor/VCSBuiltInPlugin.cs") state(2)
Script is not up to date after domain reload: guid(ee776820547bd654980004e8471df8e3) path("Packages/com.unity.collab-proxy/Editor/Configuration/ToolConfig.cs") state(2)
Script is not up to date after domain reload: guid(064a7a3d9b9b458f87abe1ec38227570) path("Packages/com.unity.collab-proxy/Editor/UVCSToolbar/PopupWindow/PopupWindowDrawing.cs") state(2)
Script is not up to date after domain reload: guid(7c21251ff4b7d844292a388e81e47e59) path("Packages/com.unity.collab-proxy/Editor/Configuration/AutoConfig.cs") state(2)
Script is not up to date after domain reload: guid(cc9b578c680471e41965738c85cbabbf) path("Packages/com.unity.collab-proxy/Editor/Developer/IncomingChangesNotification.cs") state(2)
Script is not up to date after domain reload: guid(100f9184f13dd20448c29dc74f30dce1) path("Packages/com.unity.collab-proxy/Editor/Toolbar/ToolbarButton.cs") state(2)
Script is not up to date after domain reload: guid(1a7e0200b2cf489bbe62e1410a7ed2e4) path("Packages/com.unity.collab-proxy/Editor/Views/Locks/DrawLocksListViewItem.cs") state(2)
Script is not up to date after domain reload: guid(cef1fd4b45bd4bbfabb7b27325107045) path("Packages/com.unity.collab-proxy/Editor/UVCSToolbar/PopupWindow/BranchesList/BranchesTreeView.cs") state(2)
Script is not up to date after domain reload: guid(6cad902920d2d0e448b4a307b199d8fd) path("Packages/com.unity.collab-proxy/Editor/AssetsUtils/ProjectPath.cs") state(2)
Script is not up to date after domain reload: guid(6a9d8351b7dac6e4c8e7b27d5cbdd70c) path("Packages/com.unity.collab-proxy/Editor/Views/PendingChanges/Dialogs/EmptyCommentDialog.cs") state(2)
Script is not up to date after domain reload: guid(250ef17e19e621047851bfae85fd84c8) path("Packages/com.unity.collab-proxy/Editor/UI/Tree/TreeViewItemExtensions.cs") state(2)
Script is not up to date after domain reload: guid(4ef5fb54cd29b40468eaf5a14e9845ed) path("Packages/com.unity.collab-proxy/Editor/Views/Diff/DiffSelection.cs") state(2)
Script is not up to date after domain reload: guid(2b3223ee740687445a7e4bc793fa2aae) path("Packages/com.unity.collab-proxy/Editor/Configuration/ConfigurePartialWorkspace.cs") state(2)
Script is not up to date after domain reload: guid(e0ca5f7f9ce171a44a14d09d62ee6c8e) path("Packages/com.unity.collab-proxy/Editor/CloudDrive/CloudDriveMenuItem.cs") state(2)
Script is not up to date after domain reload: guid(fb7558aa88a270a4a8bbfc4c9fd91794) path("Packages/com.unity.collab-proxy/Editor/Views/Labels/Dialogs/CreateLabelView.cs") state(2)
Script is not up to date after domain reload: guid(35caf055aec448e6bd68e33611eb916d) path("Packages/com.unity.collab-proxy/Editor/CloudDrive/Workspaces/DirectoryContent/DrawItemNameBar.cs") state(2)
Script is not up to date after domain reload: guid(4d2132ff97b487e4c9986528556871ed) path("Packages/com.unity.collab-proxy/Editor/Views/Merge/Developer/DirectoryConflicts/MergeViewDirectoryConflictMenu.cs") state(2)
Script is not up to date after domain reload: guid(a9e847d045a7744b08c7a37912965cdc) path("Packages/com.unity.collab-proxy/Editor/Views/PendingChanges/ChangeTreeViewItem.cs") state(2)
Script is not up to date after domain reload: guid(b4eb3fe08d1dc86419dee5ddcc40baae) path("Packages/com.unity.collab-proxy/Editor/AssetMenu/AssetFilesFilterPatternsMenuBuilder.cs") state(2)
Script is not up to date after domain reload: guid(a2fb15c9d02b72e4598e450dab5fcd12) path("Packages/com.unity.collab-proxy/Editor/Views/Merge/Developer/DirectoryConflicts/MoveDeleteMenu.cs") state(2)
Script is not up to date after domain reload: guid(c50ac3c60fd045b38f5449bb43db257d) path("Packages/com.unity.collab-proxy/Editor/AssetMenu/HierarchyViewAssetMenu.cs") state(2)
Script is not up to date after domain reload: guid(de7c5b4b6cb58e546b24137064ac9025) path("Packages/com.unity.collab-proxy/Editor/Hub/Operations/CreateWorkspace.cs") state(2)
Script is not up to date after domain reload: guid(6483fd05e8bf42a47aee5e11dbf6db8a) path("Packages/com.unity.collab-proxy/Editor/Views/LaunchDiffOperations.cs") state(2)
Script is not up to date after domain reload: guid(d1c46ccb760d06146a24b7e265e19566) path("Packages/com.unity.collab-proxy/Editor/WebApi/CredentialsResponse.cs") state(2)
Script is not up to date after domain reload: guid(a077a49d9db9de74f827f0568f6e65c2) path("Packages/com.unity.collab-proxy/Editor/AssetsUtils/AssetsPath.cs") state(2)
Script is not up to date after domain reload: guid(7a92174abe154af4b99e09e4b6cf31ee) path("Packages/com.unity.collab-proxy/Editor/Views/PendingChanges/PendingChangesSelection.cs") state(2)
Script is not up to date after domain reload: guid(a840d4787ba856c4dbaf61207189b00c) path("Packages/com.unity.collab-proxy/Editor/AutoRefresh.cs") state(2)
Script is not up to date after domain reload: guid(2dae17e8419667e46a2a476dd2cd18e0) path("Packages/com.unity.collab-proxy/Editor/StatusBar/WindowStatusBar.cs") state(2)
Script is not up to date after domain reload: guid(13f8d9266e8b7224abeb0a7af444fd13) path("Packages/com.unity.collab-proxy/Editor/Views/Labels/LabelsSelection.cs") state(2)
Script is not up to date after domain reload: guid(29e0becc4ce852c439ff3e642f0375bd) path("Packages/com.unity.collab-proxy/Editor/Views/CreateWorkspace/PerformInitialCheckin.cs") state(2)
Script is not up to date after domain reload: guid(3c1571ec0b185dc428a1df774086a310) path("Packages/com.unity.collab-proxy/Editor/UVCSToolbar/Headless/HeadlessUpdateReport.cs") state(2)
Script is not up to date after domain reload: guid(3a49359b59c12b74386ca6816923ec2c) path("Packages/com.unity.collab-proxy/Editor/Views/History/HistoryTab.cs") state(2)
Script is not up to date after domain reload: guid(e69fc09d7758466798e76f1655c2c27f) path("Packages/com.unity.collab-proxy/Editor/CloudDrive/Workspaces/Tree/CloudWorkspacesTreeView.cs") state(2)
Script is not up to date after domain reload: guid(c60feb8f0f5f57c4393eae9a43529616) path("Packages/com.unity.collab-proxy/Editor/UI/UnityConstants.cs") state(2)
Script is not up to date after domain reload: guid(08dbb8d51633f2f4bab9912fbce3e247) path("Packages/com.unity.collab-proxy/Editor/Views/DownloadPlasticExeDialog.cs") state(2)
Script is not up to date after domain reload: guid(6dbc54b503a79034d9c544e39451fd10) path("Packages/com.unity.collab-proxy/Editor/UI/GUIActionRunner.cs") state(2)
Script is not up to date after domain reload: guid(8456e83060fd4354a0695680eea6b3cd) path("Packages/com.unity.collab-proxy/Editor/Views/Locks/LocksSelector.cs") state(2)
Script is not up to date after domain reload: guid(e57a1c5d3e1c8844eb3893fed51c9727) path("Packages/com.unity.collab-proxy/Editor/WebApi/WebRestApiClient.cs") state(2)
Script is not up to date after domain reload: guid(5be77ef41db4cc24a82cd1eca7456b5a) path("Packages/com.unity.collab-proxy/Editor/BoolSetting.cs") state(2)
Script is not up to date after domain reload: guid(0caf9dda3147e224daf41ba5bd5cfaf0) path("Packages/com.unity.collab-proxy/Editor/Views/PendingChanges/Dialogs/LaunchCheckinConflictsDialog.cs") state(2)
Script is not up to date after domain reload: guid(678db227e4ffec949980d309c0532b08) path("Packages/com.unity.collab-proxy/Editor/AssetMenu/Dialogs/CheckinDialog.cs") state(2)
Script is not up to date after domain reload: guid(e86abcad326bbd44a9f3c0516899ce75) path("Packages/com.unity.collab-proxy/Editor/WebApi/ErrorResponse.cs") state(2)
Script is not up to date after domain reload: guid(d2a9f8ad3405465db8e62d36f2686b68) path("Packages/com.unity.collab-proxy/Editor/AssetMenu/AssetCopyPathOperation.cs") state(2)
Script is not up to date after domain reload: guid(4ad84899006a47b9b710662c93ec6448) path("Packages/com.unity.collab-proxy/Editor/Views/Locks/LocksListView.cs") state(2)
Script is not up to date after domain reload: guid(5aee5a8d0d126ca48a331d298005381f) path("Packages/com.unity.collab-proxy/Editor/Views/PendingChanges/Dialogs/CreateChangelistDialog.cs") state(2)
Script is not up to date after domain reload: guid(fd582245e61fe1f4dba625a9ba7ec139) path("Packages/com.unity.collab-proxy/Editor/UVCSToolbar/Headless/HeadlessWorkspaceWindow.cs") state(2)
Script is not up to date after domain reload: guid(eda42d85846dab04a81db79ea2ab5e12) path("Packages/com.unity.collab-proxy/Editor/UI/DrawCopyableLabel.cs") state(2)
Script is not up to date after domain reload: guid(c64851962d9c48068897eb736be4bed1) path("Packages/com.unity.collab-proxy/Editor/Settings/ShelveAndSwitchOptionsFoldout.cs") state(2)
Script is not up to date after domain reload: guid(e2d5cd35402925349b237e34add0cabf) path("Packages/com.unity.collab-proxy/Editor/Views/Merge/Developer/DirectoryConflicts/EvilTwinMenu.cs") state(2)
Script is not up to date after domain reload: guid(2350e7d7f6d79024da24dea8f15a6881) path("Packages/com.unity.collab-proxy/Editor/Views/Branch/BranchesTab.cs") state(2)
Script is not up to date after domain reload: guid(25c9bc31827789b43b8ddb4abee2a205) path("Packages/com.unity.collab-proxy/Editor/Views/Merge/Developer/MergeViewFileConflictMenu.cs") state(2)
Script is not up to date after domain reload: guid(0b53a404fdd93a8449b983861c7f0e88) path("Packages/com.unity.collab-proxy/Editor/Views/Merge/Developer/DirectoryConflicts/DivergentMoveMenu.cs") state(2)
Script is not up to date after domain reload: guid(3deb46ccbc8389f4cb34c6d0032db5a1) path("Packages/com.unity.collab-proxy/Editor/Views/Merge/Developer/DirectoryConflicts/MoveAddMenu.cs") state(2)
Script is not up to date after domain reload: guid(349d4bc84d3b4fa48a1970539c06144c) path("Packages/com.unity.collab-proxy/Editor/Views/Merge/Gluon/IncomingChangesViewMenu.cs") state(2)
Script is not up to date after domain reload: guid(c53c624438663f74ab67fbdf8869ae18) path("Packages/com.unity.collab-proxy/Editor/AssetsUtils/Processor/UVCSAssetModificationProcessor.cs") state(2)
Script is not up to date after domain reload: guid(076df9ed85621764881a4d81dbd08046) path("Packages/com.unity.collab-proxy/Editor/UI/TabButton.cs") state(2)
Script is not up to date after domain reload: guid(cdf0cc5418c9fc44eade3d7480d7429e) path("Packages/com.unity.collab-proxy/Editor/Views/Changesets/GetChangesetsQuery.cs") state(2)
Script is not up to date after domain reload: guid(f4a41e458bcb22946bcfa6b165c90288) path("Packages/com.unity.collab-proxy/Editor/Views/Branch/BranchesListHeaderState.cs") state(2)
Script is not up to date after domain reload: guid(fd38ef4911274f9987bb1282281fa3df) path("Packages/com.unity.collab-proxy/Editor/LaunchPackageManager.cs") state(2)
Script is not up to date after domain reload: guid(b4c28e55281f4ec5bc041b8f52b7d891) path("Packages/com.unity.collab-proxy/Editor/CloudDrive/Workspaces/DirectoryContent/DrawExpandedTreeNode.cs") state(2)
Script is not up to date after domain reload: guid(de4aea75bc204d14cb432cf1708548f1) path("Packages/com.unity.collab-proxy/Editor/UI/EditorDispatcher.cs") state(2)
Script is not up to date after domain reload: guid(e27c01b3192a4dcfbd46563a4acacd59) path("Packages/com.unity.collab-proxy/Editor/CloudDrive/Workspaces/DragAndDrop/ErrorsDialog.cs") state(2)
Script is not up to date after domain reload: guid(304090ddaffb4aff8f35cc005018d302) path("Packages/com.unity.collab-proxy/Editor/UI/Progress/ProgressControlsForWindow.cs") state(2)
Script is not up to date after domain reload: guid(d7ab4771a00b0cc4ab99301fc356de49) path("Packages/com.unity.collab-proxy/Editor/ProjectLoadedCounter.cs") state(2)
Script is not up to date after domain reload: guid(6e19ed08370c2e6419986e350c6d4c20) path("Packages/com.unity.collab-proxy/Editor/Views/Changesets/Dialogs/LabelChangesetDialog.cs") state(2)
Script is not up to date after domain reload: guid(e8b13064517f28443ac41883eb559c8f) path("Packages/com.unity.collab-proxy/Editor/BuildGetEventExtraInfoFunction.cs") state(2)
Script is not up to date after domain reload: guid(858cd1de29a71bd4c913db15f8ae3a0f) path("Packages/com.unity.collab-proxy/Editor/Views/Labels/LabelListViewItem.cs") state(2)
Script is not up to date after domain reload: guid(792f2bf6e6d57db4f93253a322673bc7) path("Packages/com.unity.collab-proxy/Editor/UVCSToolbar/ToolbarController.cs") state(2)
Script is not up to date after domain reload: guid(962c713f307637f459a3eb76c8aba5f0) path("Packages/com.unity.collab-proxy/Editor/UI/UndoRedo/UndoRedoHelper.cs") state(2)
Script is not up to date after domain reload: guid(e7dc580933b555942b2f89a14ca659f1) path("Packages/com.unity.collab-proxy/Editor/IntSetting.cs") state(2)
Script is not up to date after domain reload: guid(ce1788184c108ec4d8cbad6b14c4dae6) path("Packages/com.unity.collab-proxy/Editor/Views/PendingChanges/CreatedChangesetEmptyStatePanel.cs") state(2)
Script is not up to date after domain reload: guid(323d43d865724e90a62ba88dfeacbef2) path("Packages/com.unity.collab-proxy/Editor/Views/Merge/Developer/SerializableMergeTabState.cs") state(2)
Script is not up to date after domain reload: guid(14df2a8f74d04d89a24fbbad8cf2037b) path("Packages/com.unity.collab-proxy/Editor/CloudDrive/RefreshAsset.cs") state(2)
Script is not up to date after domain reload: guid(5474cb78511de04459cac50d50b9d9e0) path("Packages/com.unity.collab-proxy/Editor/UI/DrawSearchField.cs") state(2)
Script is not up to date after domain reload: guid(f00521067f54ce541951ab90047cc3f4) path("Packages/com.unity.collab-proxy/Editor/Views/Welcome/DownloadAndInstallOperation.cs") state(2)
Script is not up to date after domain reload: guid(0ee79162e06c6984a97600b7c0680611) path("Packages/com.unity.collab-proxy/Editor/Views/Diff/DiffPanel.cs") state(2)
Script is not up to date after domain reload: guid(09b199e86de5d1944ab9106ca2c11f75) path("Packages/com.unity.collab-proxy/Editor/Gluon/ProgressOperationHandler.cs") state(2)
Script is not up to date after domain reload: guid(1b2dfd8c552c2468ca523d8dbb93ea5d) path("Packages/com.unity.collab-proxy/Editor/Views/PendingChanges/PendingChangesTab.cs") state(2)
Script is not up to date after domain reload: guid(b57672168ae882a4b8483a000638c433) path("Packages/com.unity.collab-proxy/Editor/Views/Merge/Developer/UnityMergeTree.cs") state(2)
Script is not up to date after domain reload: guid(699b33b09648b5641b12384ac691546d) path("Packages/com.unity.collab-proxy/Editor/FindWorkspace.cs") state(2)
Script is not up to date after domain reload: guid(0e1e2d80d9c79b042ab42fdf0b5c0b65) path("Packages/com.unity.collab-proxy/Editor/UI/EditorVersion.cs") state(2)
Script is not up to date after domain reload: guid(faf2afd8696f4604f82f46b06b357f06) path("Packages/com.unity.collab-proxy/Editor/Views/Merge/Gluon/ChangeCategoryTreeViewItem.cs") state(2)
Script is not up to date after domain reload: guid(73306fe71bf092d4495ff28ee02b766b) path("Packages/com.unity.collab-proxy/Editor/Views/Branch/BranchesSelection.cs") state(2)
Script is not up to date after domain reload: guid(65c9d93f86da86b41a712d92e8f03dc2) path("Packages/com.unity.collab-proxy/Editor/UI/GetPlasticShortcut.cs") state(2)
Script is not up to date after domain reload: guid(3320b7341e4731842a6fd50ae97c96f5) path("Packages/com.unity.collab-proxy/Editor/UI/GetWindowIfOpened.cs") state(2)
Script is not up to date after domain reload: guid(d491adc3134c2ac4d9e3c61ed42a7ccd) path("Packages/com.unity.collab-proxy/Editor/Views/Merge/Gluon/ChangeTreeViewItem.cs") state(2)
Script is not up to date after domain reload: guid(ebbbce5f7ed39ab45b6f43340727ba5e) path("Packages/com.unity.collab-proxy/Editor/Views/Branch/BranchListViewItem.cs") state(2)
Script is not up to date after domain reload: guid(77146328ef19f2b4b81fe35d7a8c4297) path("Packages/com.unity.collab-proxy/Lib/Editor/unityplastic.dll") state(2)
Script is not up to date after domain reload: guid(3fdd86a000d1ef04094416eefed53087) path("Packages/com.unity.collab-proxy/Editor/Views/Diff/ClientDiffTreeViewItem.cs") state(2)
Script is not up to date after domain reload: guid(e4e6f1fad14d65f4b9e72a5675054db9) path("Packages/com.unity.collab-proxy/Editor/Views/PendingChanges/UnityPendingChangesTree.cs") state(2)
Script is not up to date after domain reload: guid(cdd5bec613c44cd3b5fcd57177754bb9) path("Packages/com.unity.collab-proxy/Editor/Tool/IsExeVersion.cs") state(2)
Script is not up to date after domain reload: guid(509ecc6807ba438a92fbda6424603ecb) path("Packages/com.unity.collab-proxy/Editor/CloudDrive/Workspaces/DragAndDrop/AskUserForExistingFile.cs") state(2)
Script is not up to date after domain reload: guid(204b6e52ab6164e478f852a359e0c0c0) path("Packages/com.unity.collab-proxy/Editor/SceneView/DrawSceneOperations.cs") state(2)
Script is not up to date after domain reload: guid(e8bf7425cfbdd094da5dc809a5eaa8ff) path("Packages/com.unity.collab-proxy/Editor/Developer/UpdateReport/UpdateReportListView.cs") state(2)
Script is not up to date after domain reload: guid(ca17c170df6db5042b70adc65fbe770c) path("Packages/com.unity.collab-proxy/Editor/UVCSMenuItem.cs") state(2)
Script is not up to date after domain reload: guid(3358a79a3123eed4baff54da855492e6) path("Packages/com.unity.collab-proxy/Editor/CloudDrive/GetProposedOrganizationProject.cs") state(2)
Script is not up to date after domain reload: guid(0f5401cd5ff8fc4409bf9540072b14bc) path("Packages/com.unity.collab-proxy/Editor/UI/FindEditorWindow.cs") state(2)
Script is not up to date after domain reload: guid(8e956137d866cfc4797b1830930ed57e) path("Packages/com.unity.collab-proxy/Editor/ExternalLink.cs") state(2)
Script is not up to date after domain reload: guid(9203e3f44c0ecfd42953709384a56c4d) path("Packages/com.unity.collab-proxy/Editor/AssetsUtils/RepaintEditor.cs") state(2)
Script is not up to date after domain reload: guid(a1f5156c89fd104459e8ec0cc3098899) path("Packages/com.unity.collab-proxy/Editor/Views/Branch/BranchesViewMenu.cs") state(2)
Script is not up to date after domain reload: guid(d30dfeb72257204458e1e8e1576b84ba) path("Packages/com.unity.collab-proxy/Editor/AssetOverlays/DrawProjectOverlay.cs") state(2)
Script is not up to date after domain reload: guid(6dda1ef365cc6be4c90d328c331d643c) path("Packages/com.unity.collab-proxy/Editor/Views/Merge/Developer/DirectoryConflicts/DeleteMoveMenu.cs") state(2)
Script is not up to date after domain reload: guid(608efd4e185fb9440bb8550d98e20ca4) path("Packages/com.unity.collab-proxy/Editor/Hub/Operations/DownloadRepository.cs") state(2)
Script is not up to date after domain reload: guid(d097a5d507694ba7ac97bc9a9f2942e3) path("Packages/com.unity.collab-proxy/Editor/Settings/UVCSProjectSettingsProvider.cs") state(2)
Script is not up to date after domain reload: guid(c5d431e8131b1d74897c1a18b5e76932) path("Packages/com.unity.collab-proxy/Editor/Gluon/UpdateReport/UpdateReportListView.cs") state(2)
Script is not up to date after domain reload: guid(a6d05b29e607e62478df26227566e1b9) path("Packages/com.unity.collab-proxy/Editor/Tool/LaunchTool.cs") state(2)
Script is not up to date after domain reload: guid(71cb30384b5f8d64ea7df220cff88d0c) path("Packages/com.unity.collab-proxy/Editor/AssetsUtils/Processor/AssetsProcessor.cs") state(2)
Script is not up to date after domain reload: guid(12c73b1c758dc2d43adb107dadd988da) path("Packages/com.unity.collab-proxy/Editor/UVCSPluginIsEnabledPreference.cs") state(2)
Script is not up to date after domain reload: guid(306e2c310ad3b7a4794346ffb0088c69) path("Packages/com.unity.collab-proxy/Editor/UVCSToolbar/PopupWindow/Operations/ToolbarOperationsShortcut.cs") state(2)
Script is not up to date after domain reload: guid(594dcd9e9e4804aa281a66d024d30752) path("Packages/com.unity.collab-proxy/Editor/Views/PendingChanges/PendingChangesTreeView.cs") state(2)
Script is not up to date after domain reload: guid(bba806fdb20eb5a4da6cc856323d6273) path("Packages/com.unity.collab-proxy/Editor/Configuration/CloudEdition/Welcome/SignInPanel.cs") state(2)
Script is not up to date after domain reload: guid(bec9a691c125414fb6dc237fe5dbdfaa) path("Packages/com.unity.collab-proxy/Editor/Views/PendingChanges/CreatedChangesetData.cs") state(2)
Script is not up to date after domain reload: guid(0afb4c6d979970647841ee14a55b8d25) path("Packages/com.unity.collab-proxy/Editor/UI/Avatar/GetAvatar.cs") state(2)
Script is not up to date after domain reload: guid(45d03e5c984da3448b417289e95e4291) path("Packages/com.unity.collab-proxy/Editor/Views/PendingChanges/Dialogs/FilterRulesConfirmationDialog.cs") state(2)
Script is not up to date after domain reload: guid(c00693f5365e54a4eb5f9ac96da13749) path("Packages/com.unity.collab-proxy/Editor/UVCSToolbar/Headless/HeadlessWorkspaceStatusChangeListener.cs") state(2)
Script is not up to date after domain reload: guid(f8b61564d80f4d16b3bf68e8dfe87c89) path("Packages/com.unity.collab-proxy/Editor/Tool/PlasticExeLauncher.cs") state(2)
Script is not up to date after domain reload: guid(1e0aed0a10caba04583f2474f8279b27) path("Packages/com.unity.collab-proxy/Editor/Views/Merge/Developer/MergeTreeView.cs") state(2)
Script is not up to date after domain reload: guid(19731bf18cd0abd45955c297ff452044) path("Packages/com.unity.collab-proxy/Editor/Views/Changesets/ChangesetExplorerView.cs") state(2)
Script is not up to date after domain reload: guid(aa38aeb612889ca428824f7e31a50747) path("Packages/com.unity.collab-proxy/Editor/Views/History/SerializableHistoryTabState.cs") state(2)
Script is not up to date after domain reload: guid(0f222cc01be81b842b1333c92fb7355c) path("Packages/com.unity.collab-proxy/Editor/UI/DrawUserIcon.cs") state(2)
Script is not up to date after domain reload: guid(c46424c57c6462945b14ac0c95281406) path("Packages/com.unity.collab-proxy/Editor/Configuration/CredentialsDialog.cs") state(2)
Script is not up to date after domain reload: guid(9bef80072d106be4ea36de88adc0e985) path("Packages/com.unity.collab-proxy/Editor/Inspector/InspectorAssetSelection.cs") state(2)
Script is not up to date after domain reload: guid(c18598e9d808edb4583a6aa724ffc268) path("Packages/com.unity.collab-proxy/Editor/Views/CreateWorkspace/Dialogs/RepositoriesListView.cs") state(2)
Script is not up to date after domain reload: guid(1ba537cc779f0474bb8c90d5315bbc74) path("Packages/com.unity.collab-proxy/Editor/UVCSToolbar/PopupWindow/UncontrolledPopupWindow.cs") state(2)
Script is not up to date after domain reload: guid(d50ac3212a7ff5a4795bf609a2a20350) path("Packages/com.unity.collab-proxy/Editor/AssemblyInfo.cs") state(2)
Script is not up to date after domain reload: guid(de6e8913aefd69d4ca90a7216d225d3a) path("Packages/com.unity.collab-proxy/Editor/Tool/ToolConstants.cs") state(2)
Script is not up to date after domain reload: guid(d317dcbde3a2ce64dae19f49289c5285) path("Packages/com.unity.collab-proxy/Editor/_Deprecated/Settings/PlasticProjectSettingsProvider.cs") state(2)
Script is not up to date after domain reload: guid(b43c91410e1046b58c07a72471ccfd85) path("Packages/com.unity.collab-proxy/Editor/HierarchyExtensions.cs") state(2)
Script is not up to date after domain reload: guid(5bbb26813ae33c64d8937661111fb3c6) path("Packages/com.unity.collab-proxy/Editor/UVCSToolbar/UVCSToolbarButtonData.cs") state(2)
Script is not up to date after domain reload: guid(1de62e30afcba544e8e8da4b93a4fa39) path("Packages/com.unity.collab-proxy/Editor/Views/Branch/Dialogs/RenameBranchDialog.cs") state(2)
Script is not up to date after domain reload: guid(0e750291f98133747b5ebea5ce056f81) path("Packages/com.unity.collab-proxy/Editor/UI/UndoRedo/UndoRedoState.cs") state(2)
Script is not up to date after domain reload: guid(e57affb3c41ab402e86f99747be972a2) path("Packages/com.unity.collab-proxy/Editor/Views/PendingChanges/PendingChangesTreeHeaderState.cs") state(2)
Script is not up to date after domain reload: guid(61f74d0a8a3f1f542b8afe99e65686df) path("Packages/com.unity.collab-proxy/Editor/Views/CreateWorkspace/Dialogs/CreateRepositoryDialog.cs") state(2)
Script is not up to date after domain reload: guid(d765c78b18a58b14a986b34841ae9c52) path("Packages/com.unity.collab-proxy/Editor/UI/Images.cs") state(2)
Script is not up to date after domain reload: guid(7a04ed4805f84fd4a8ceee51915ba39a) path("Packages/com.unity.collab-proxy/Editor/Views/Merge/IIncomingChangesTab.cs") state(2)
Script is not up to date after domain reload: guid(f25df29da91c45449ada5f3da8cf20ea) path("Packages/com.unity.collab-proxy/Editor/Tool/IsExeAvailable.cs") state(2)
Script is not up to date after domain reload: guid(05c0641719e74f058e7530b150336e82) path("Packages/com.unity.collab-proxy/Editor/Settings/OtherOptionsFoldout.cs") state(2)
Script is not up to date after domain reload: guid(2f536f0e9a974d75b293f6aee8e2cdf2) path("Packages/com.unity.collab-proxy/Editor/Views/Locks/LocksTab.cs") state(2)
Script is not up to date after domain reload: guid(d877163a4d5b71945ae435ce29592751) path("Packages/com.unity.collab-proxy/Editor/_Deprecated/CollabMigration/MigrateCollabProject.cs") state(2)
Script is not up to date after domain reload: guid(19dca01e5c6a4d808cee50ff17837de5) path("Packages/com.unity.collab-proxy/Editor/UI/Tree/CenteredContentPanel.cs") state(2)
Script is not up to date after domain reload: guid(331d1c37d891f334390adb8324042856) path("Packages/com.unity.collab-proxy/Editor/UI/Errors/ErrorsListView.cs") state(2)
Script is not up to date after domain reload: guid(2c9c0041347ae4e4cb794a3da850fa79) path("Packages/com.unity.collab-proxy/Editor/Views/Diff/DiffTreeViewMenu.cs") state(2)
Script is not up to date after domain reload: guid(aebdb56b44622b2468b014e27e5e28e5) path("Packages/com.unity.collab-proxy/Editor/UVCSPlugin.cs") state(2)
Script is not up to date after domain reload: guid(06e8f2c592322e640ae99a833427b552) path("Packages/com.unity.collab-proxy/Editor/Views/Changesets/ChangesetsTab_Operations.cs") state(2)
Script is not up to date after domain reload: guid(2288af36c38fa57499c201d497d306c3) path("Packages/com.unity.collab-proxy/Editor/Views/Labels/LabelsListHeaderState.cs") state(2)
Script is not up to date after domain reload: guid(31a95d07803cf9f48a127ae0fc3e5369) path("Packages/com.unity.collab-proxy/Editor/Views/Labels/LabelsTab_Operations.cs") state(2)
Script is not up to date after domain reload: guid(0ad54f9e1bb701142b116d0d1ed98437) path("Packages/com.unity.collab-proxy/Editor/Configuration/CloudEdition/Welcome/CloudEditionWelcomeWindow.cs") state(2)
Script is not up to date after domain reload: guid(83882c7718d0fc34f8a05141328ceac1) path("Packages/com.unity.collab-proxy/Editor/Views/CreateWorkspace/Dialogs/RepositoryListViewItem.cs") state(2)
Script is not up to date after domain reload: guid(a67a7d0865a447b49e842eac00d70833) path("Packages/com.unity.collab-proxy/Editor/CloudDrive/CreateWorkspace/CollaboratorsListViewHeaderState.cs") state(2)
Script is not up to date after domain reload: guid(c0819a043e0c64a4780ca8ab3c311d07) path("Packages/com.unity.collab-proxy/Editor/CloudDrive/Welcome/WelcomeView.cs") state(2)
Script is not up to date after domain reload: guid(c0821447a35700c4280782d1092cf4c5) path("Packages/com.unity.collab-proxy/Editor/Views/Merge/Gluon/IncomingChangesTreeHeaderState.cs") state(2)
Script is not up to date after domain reload: guid(23471c5c18843794fba363cb093b5a05) path("Packages/com.unity.collab-proxy/Editor/Views/PendingChanges/DrawCommentTextArea.cs") state(2)
Script is not up to date after domain reload: guid(5ae4d88034c6d7b42a84b0a53bb700d4) path("Packages/com.unity.collab-proxy/Editor/Views/PendingChanges/PendingChangesViewMenu.cs") state(2)
Script is not up to date after domain reload: guid(e5854d1a1c573e040afdbb54103decf3) path("Packages/com.unity.collab-proxy/Editor/UVCSToolbar/Headless/HeadlessViewSwitcher.cs") state(2)
Script is not up to date after domain reload: guid(6c8b04d6403125b4ca51861863f386ee) path("Packages/com.unity.collab-proxy/Editor/Views/Merge/Developer/MergeTreeHeaderState.cs") state(2)
Script is not up to date after domain reload: guid(a9acb575a60d7e045ad7fadd3e3e137d) path("Packages/com.unity.collab-proxy/Editor/AssetOverlays/Cache/RemoteStatusCache.cs") state(2)
Script is not up to date after domain reload: guid(68f2f2587930106408dd3b00fb4974ff) path("Packages/com.unity.collab-proxy/Editor/AssetOverlays/DrawHierarchyOverlay.cs") state(2)
Script is not up to date after domain reload: guid(806bdb4f911275c4ca1ee81fde4b4d4f) path("Packages/com.unity.collab-proxy/Editor/Configuration/CloudEdition/Welcome/AutoLogin.cs") state(2)
Script is not up to date after domain reload: guid(19397b4b199145c5bd9ee8c1c7d5938d) path("Packages/com.unity.collab-proxy/Editor/AssetMenu/HierarchyViewAssetSelection.cs") state(2)
Script is not up to date after domain reload: guid(8cee66aefde0415886a851167a19c933) path("Packages/com.unity.collab-proxy/Editor/UI/Progress/LoadingSpinner.cs") state(2)
Script is not up to date after domain reload: guid(4646098fa06b7764b843d936862b4d71) path("Packages/com.unity.collab-proxy/Editor/Settings/PendingChangesOptionsFoldout.cs") state(2)
Script is not up to date after domain reload: guid(edf8d7a4bab748b4a77c198d33394e58) path("Packages/com.unity.collab-proxy/Editor/Configuration/ClientConfiguration.cs") state(2)
Script is not up to date after domain reload: guid(608f66b5adac272459273ddaf3e4db5d) path("Packages/com.unity.collab-proxy/Editor/PlasticApp.cs") state(2)
Script is not up to date after domain reload: guid(22c746898109437d88d4bc5eaa84b89d) path("Packages/com.unity.collab-proxy/Editor/UI/Progress/DrawProgressForWindow.cs") state(2)
Script is not up to date after domain reload: guid(a92f7c4434405984a811b4e7c316594e) path("Packages/com.unity.collab-proxy/Editor/AssetOverlays/DrawAssetOverlayIcon.cs") state(2)
Script is not up to date after domain reload: guid(0092dcc3ac595ea43981eedc23012f72) path("Packages/com.unity.collab-proxy/Editor/Views/PendingChanges/PendingChangesViewPendingChangeMenu.cs") state(2)
Script is not up to date after domain reload: guid(70bf1fe1bcd44b64b43910da6487eab4) path("Packages/com.unity.collab-proxy/Editor/UI/DrawStaticElement.cs") state(2)
Script is not up to date after domain reload: guid(e9ffdef169b1cbb4e9910671a9ee83bc) path("Packages/com.unity.collab-proxy/Editor/AssetsUtils/Processor/UVCSAssetPostprocessor.cs") state(2)
Script is not up to date after domain reload: guid(156e16594aa6bd54cb77aa3f8eae5c82) path("Packages/com.unity.collab-proxy/Editor/Views/Diff/ChangeCategoryTreeViewItem.cs") state(2)
Script is not up to date after domain reload: guid(3f227b28cf424364489edd67fce697bc) path("Packages/com.unity.collab-proxy/Editor/AssetOverlays/Cache/AssetStatusCache.cs") state(2)
Script is not up to date after domain reload: guid(a287a16eb8f0400e86cec102678ab7a5) path("Packages/com.unity.collab-proxy/Editor/CloudDrive/CreateWorkspace/CollaboratorsListViewItem.cs") state(2)
Script is not up to date after domain reload: guid(0ee2845d0d4db9a4a9e8f4f6d0fa4e5e) path("Packages/com.unity.collab-proxy/Editor/Views/History/HistoryListView.cs") state(2)
Script is not up to date after domain reload: guid(226459a134855504d841db6b61519d2b) path("Packages/com.unity.collab-proxy/Editor/AssetOverlays/Cache/LocalStatusCache.cs") state(2)
Script is not up to date after domain reload: guid(2c8b452bcd72d8248a3297ff656f0a7a) path("Packages/com.unity.collab-proxy/Editor/AssetMenu/AssetUVCSOperations.cs") state(2)
Script is not up to date after domain reload: guid(5b6e8a80709e2264eb383ef6b40e181f) path("Packages/com.unity.collab-proxy/Editor/Views/History/HistoryListHeaderState.cs") state(2)
Script is not up to date after domain reload: guid(da54c27b153842f8b52711ef467ad986) path("Packages/com.unity.collab-proxy/Editor/Views/ApplyShelveWithConflictsQuestionerBuilder.cs") state(2)
Script is not up to date after domain reload: guid(f111698d5aafb61479afc143e389a014) path("Packages/com.unity.collab-proxy/Editor/UVCSToolbar/Headless/HeadlessGluonUpdateProgress.cs") state(2)
Script is not up to date after domain reload: guid(cd17bd02643083b43bac72747b7641ff) path("Packages/com.unity.collab-proxy/Editor/IncomingChanges.cs") state(2)
Script is not up to date after domain reload: guid(4f04b21b06239da4f95a5a9753647440) path("Packages/com.unity.collab-proxy/Editor/Views/Merge/Developer/MergeTab.cs") state(2)
Script is not up to date after domain reload: guid(f32f865aa8b3e3341be18107db54b5cb) path("Packages/com.unity.collab-proxy/Editor/UVCSToolbarButtonIsShownPreference.cs") state(2)
Script is not up to date after domain reload: guid(b6aa72bc8240f514988bcccf4cf3cef5) path("Packages/com.unity.collab-proxy/Editor/_Deprecated/WebApi/IsCollabProjectMigratedResponse.cs") state(2)
Script is not up to date after domain reload: guid(3a6fba741cdd5fb4982a73a4d791754f) path("Packages/com.unity.collab-proxy/Editor/UI/DockEditorWindow.cs") state(2)
Script is not up to date after domain reload: guid(9731678ff16392a4d822454ca1052818) path("Packages/com.unity.collab-proxy/Editor/Settings/OpenUVCSProjectSettings.cs") state(2)
Script is not up to date after domain reload: guid(cf7c1a153f50c6548bfff5dfd2ef5dff) path("Packages/com.unity.collab-proxy/Editor/SwitchModeConfirmationDialog.cs") state(2)
Script is not up to date after domain reload: guid(c44a2ac668da0a04d9e567739215b2eb) path("Packages/com.unity.collab-proxy/Editor/AssetMenu/Dialogs/CheckinDialogOperations.cs") state(2)
Script is not up to date after domain reload: guid(e1a6d107a6d177540bc36d82a9449128) path("Packages/com.unity.collab-proxy/Editor/Views/PendingChanges/ChangelistTreeViewItem.cs") state(2)
Script is not up to date after domain reload: guid(ab0090fd6aa8c604a828244d4ba93c84) path("Packages/com.unity.collab-proxy/Editor/UI/Progress/DrawProgressForViews.cs") state(2)
Script is not up to date after domain reload: guid(595175d7af8f8234a9336a60e33b4f32) path("Packages/com.unity.collab-proxy/Editor/UI/Tree/DrawTreeViewItem.cs") state(2)
Script is not up to date after domain reload: guid(6780ea954e283bd4f82686f6e5ebafee) path("Packages/com.unity.collab-proxy/Editor/Views/Branch/Dialogs/DeleteBranchDialog.cs") state(2)
Script is not up to date after domain reload: guid(640fd06dff6f43498693eeda77683e6e) path("Packages/com.unity.collab-proxy/Editor/UI/DrawActionButtonWithMenu.cs") state(2)
Script is not up to date after domain reload: guid(0f34fdc6653d640839eaa1d2bc1bd538) path("Packages/com.unity.collab-proxy/Editor/Views/Locks/LocksViewMenu.cs") state(2)
Script is not up to date after domain reload: guid(1505aa96e5fd82940aacd76e6431e79d) path("Packages/com.unity.collab-proxy/Editor/Views/PendingChanges/Changelists/ChangelistMenu.cs") state(2)
Script is not up to date after domain reload: guid(48e3a3df6bca4ea4eadc40cb1540e43d) path("Packages/com.unity.collab-proxy/Editor/Views/Merge/Developer/MergeOptionsDialog.cs") state(2)
Script is not up to date after domain reload: guid(7c8a8e3e4456f9149905cf2c80aa41a9) path("Packages/com.unity.collab-proxy/Editor/AssetMenu/ProjectViewAssetMenu.cs") state(2)
Script is not up to date after domain reload: guid(363c1190d7979084c84a0421cedb3a51) path("Packages/com.unity.collab-proxy/Editor/WebApi/CurrentUserAdminCheckResponse.cs") state(2)
Script is not up to date after domain reload: guid(c296f9dc5d327e24398979cca08c62c9) path("Packages/com.unity.collab-proxy/Editor/Views/BrowseRepository/BrowseRepositoryTreeView.cs") state(2)
Script is not up to date after domain reload: guid(b10c9294742ed4040ad32d0b73b16c75) path("Packages/com.unity.collab-proxy/Editor/Views/Merge/Developer/MergeSelection.cs") state(2)
Script is not up to date after domain reload: guid(869a0fefec364e959e534cc842837d91) path("Packages/com.unity.collab-proxy/Editor/UI/Tree/PlasticTreeView.cs") state(2)
Script is not up to date after domain reload: guid(fc962e8f744f4e80962b46b05d1c2d27) path("Packages/com.unity.collab-proxy/Editor/UVCSToolbar/PopupWindow/BranchesList/PopupProgressBar.cs") state(2)
Script is not up to date after domain reload: guid(677b354f66fb9d640a93f849362af498) path("Packages/com.unity.collab-proxy/Editor/Views/Labels/LabelsViewMenu.cs") state(2)
Script is not up to date after domain reload: guid(3ccc9b689652f0b40b53c731af81f034) path("Packages/com.unity.collab-proxy/Editor/Views/PendingChanges/Dialogs/LaunchDependenciesDialog.cs") state(2)
Script is not up to date after domain reload: guid(339ab94297b6ceb4da9223a1504a917d) path("Packages/com.unity.collab-proxy/Editor/ProjectPackages.cs") state(2)
Script is not up to date after domain reload: guid(200cab728add43369c716237d4f7b451) path("Packages/com.unity.collab-proxy/Editor/Views/Locks/LocksListHeaderState.cs") state(2)
Script is not up to date after domain reload: guid(224736fab6ec4e119f1f69e2c1d7b554) path("Packages/com.unity.collab-proxy/Editor/CloudDrive/CreateWorkspace/CollaboratorsMultiColumnHeader.cs") state(2)
Script is not up to date after domain reload: guid(86a5230f492b0b14ea583544991668a9) path("Packages/com.unity.collab-proxy/Editor/Views/Merge/Developer/DirectoryConflicts/DeleteChangeMenu.cs") state(2)
Script is not up to date after domain reload: guid(861c52e49f0f474caaeb9f2254cecea3) path("Packages/com.unity.collab-proxy/Editor/UnityPlasticDllVersion.cs") state(2)
Script is not up to date after domain reload: guid(b1b8657301e8ead4a9389eda02c15883) path("Packages/com.unity.collab-proxy/Editor/Views/History/HistoryListViewItem.cs") state(2)
Script is not up to date after domain reload: guid(aba7053d59726d64b86f2c4f98dbb910) path("Packages/com.unity.collab-proxy/Editor/Views/Merge/Developer/DirectoryConflicts/ChangeDeleteMenu.cs") state(2)
Script is not up to date after domain reload: guid(d5deddb7ed7802d41947ef9ac98ccd56) path("Packages/com.unity.collab-proxy/Editor/Views/Merge/Developer/DirectoryConflicts/MovedEvilTwinMenu.cs") state(2)
Script is not up to date after domain reload: guid(e89b1e9e9f1060b4f817977507831248) path("Packages/com.unity.collab-proxy/Editor/Views/Diff/UnityDiffTree.cs") state(2)
Script is not up to date after domain reload: guid(355a2e6bfc40433bbe273ecf2ed08570) path("Packages/com.unity.collab-proxy/Editor/Views/PendingChanges/DrawOperationSuccess.cs") state(2)
Script is not up to date after domain reload: guid(c584c584ba20f4daea226141b9e55bd0) path("Packages/com.unity.collab-proxy/Editor/Views/PendingChanges/Dialogs/DependenciesDialog.cs") state(2)
Script is not up to date after domain reload: guid(69ebbdad2c303214683305d65fe26726) path("Packages/com.unity.collab-proxy/Editor/Views/Merge/Developer/ChangeTreeViewItem.cs") state(2)
Script is not up to date after domain reload: guid(b66027c0b25336640a989133aa6ebdc9) path("Packages/com.unity.collab-proxy/Editor/Views/Merge/Developer/DirectoryConflicts/CycleMoveMenu.cs") state(2)
Script is not up to date after domain reload: guid(4664c2d6dd034f04eb60d4190ee2ffb7) path("Packages/com.unity.collab-proxy/Editor/UI/UIElements/LoadingSpinner.cs") state(2)
Script is not up to date after domain reload: guid(906bc1afa6344104953c1f8f08e54b11) path("Packages/com.unity.collab-proxy/Editor/CloudDrive/Workspaces/DirectoryContent/ProcessDragEvent.cs") state(2)
Script is not up to date after domain reload: guid(ba4e6e12f66973142a87299287cb34dc) path("Packages/com.unity.collab-proxy/Editor/Views/Diff/DiffTreeView.cs") state(2)
Script is not up to date after domain reload: guid(9a496dda1132f2942b00c4f1c427454d) path("Packages/com.unity.collab-proxy/Editor/Views/Shelves/ShelvesTab.cs") state(2)
Script is not up to date after domain reload: guid(b8a49294ba135a2408fd1b26bcda6f97) path("Packages/com.unity.collab-proxy/Editor/AssetMenu/ProjectViewAssetSelection.cs") state(2)
Script is not up to date after domain reload: guid(5013a6f8fee1f2a49b06f75fc5a6ece4) path("Packages/com.unity.collab-proxy/Editor/Views/Merge/Developer/IsCurrent.cs") state(2)
Script is not up to date after domain reload: guid(a7785ffd4a2444038c73d694d2bf3a80) path("Packages/com.unity.collab-proxy/Editor/Entities/GetSubScenePathFromInstance.cs") state(2)
Script is not up to date after domain reload: guid(7495e44f1cb132745a310485807e68f6) path("Packages/com.unity.collab-proxy/Editor/AssetsUtils/RefreshAsset.cs") state(2)
Script is not up to date after domain reload: guid(615fa68a626934ca28141174234fee26) path("Packages/com.unity.collab-proxy/Editor/Views/PendingChanges/Dialogs/CheckinConflictsDialog.cs") state(2)
Script is not up to date after domain reload: guid(8a6ec1abdba94827a2f174dae33832d2) path("Packages/com.unity.collab-proxy/Editor/Views/ShelvePendingChangesDialog.cs") state(2)
Script is not up to date after domain reload: guid(118b64466f3c7c24e98e147660e2eb98) path("Packages/com.unity.collab-proxy/Editor/_Deprecated/WebApi/ChangesetFromCollabCommitResponse.cs") state(2)
Script is not up to date after domain reload: guid(923dacaaac477a941a4a5c7c1657a250) path("Packages/com.unity.collab-proxy/Editor/Views/Diff/MergeCategoryTreeViewItem.cs") state(2)
Script is not up to date after domain reload: guid(845dfcf12f5e02b4ba5ecf690afdfee6) path("Packages/com.unity.collab-proxy/Editor/Views/Merge/Developer/DirectoryConflicts/LoadedTwiceMenu.cs") state(2)
Script is not up to date after domain reload: guid(ee61022c90cce0b49bb0e459b11ec2ee) path("Packages/com.unity.collab-proxy/Editor/UI/UnityPlasticGuiMessage.cs") state(2)
Script is not up to date after domain reload: guid(20341761c2011b441b2a3af227beeb71) path("Packages/com.unity.collab-proxy/Editor/Views/Changesets/ChangesetsSelection.cs") state(2)
Script is not up to date after domain reload: guid(701a688f3cb0245579bf46b63d0b7134) path("Packages/com.unity.collab-proxy/Editor/UI/RunModal.cs") state(2)
Script is not up to date after domain reload: guid(05d31e83a4093e448b45616d62a12790) path("Packages/com.unity.collab-proxy/Editor/Views/PendingChanges/FilesFilterPatternsMenuBuilder.cs") state(2)
Script is not up to date after domain reload: guid(6c114cb79a4a4da99813e9526b36080f) path("Packages/com.unity.collab-proxy/Editor/UVCSToolbar/PopupWindow/BranchesList/BranchesListModel.cs") state(2)
Script is not up to date after domain reload: guid(8b1d1407c22e5844698f18df6a9f1781) path("Packages/com.unity.collab-proxy/Editor/_Deprecated/CollabPlugin.cs") state(2)
Script is not up to date after domain reload: guid(ea76fa5a629244fa9ae3a8d3224aef02) path("Packages/com.unity.collab-proxy/Editor/Gluon/ShelvedChangesNotification.cs") state(2)
Script is not up to date after domain reload: guid(d5366deaa0659eb44aa77a86d8bdc01a) path("Packages/com.unity.collab-proxy/Editor/UI/Tree/GetChangesOverlayIcon.cs") state(2)
Script is not up to date after domain reload: guid(7f9122bc11da473eaa9082bf340c3047) path("Packages/com.unity.collab-proxy/Editor/CloudDrive/Workspaces/DirectoryContent/DirectoryContentPanel.cs") state(2)
Script is not up to date after domain reload: guid(c197d289bbe8d4e418c3de49a40fd1b5) path("Packages/com.unity.collab-proxy/Editor/Views/Shelves/ShelvesListHeaderState.cs") state(2)
Script is not up to date after domain reload: guid(a8bf7716389c4dfe840c4e747033debc) path("Packages/com.unity.collab-proxy/Editor/CloudDrive/CreateWorkspace/CollaboratorsListView.cs") state(2)
Script is not up to date after domain reload: guid(10358899f0bd35840af31b6f9f5b4ac0) path("Packages/com.unity.collab-proxy/Editor/Views/BrowseRepository/BrowseRepositoryViewItem.cs") state(2)
Script is not up to date after domain reload: guid(c408e05e88bc93c458a3195b15e9d625) path("Packages/com.unity.collab-proxy/Editor/Views/Merge/Developer/ChangeCategoryTreeViewItem.cs") state(2)
Script is not up to date after domain reload: guid(149e37d5faf2b2a4099fb209bbd38113) path("Packages/com.unity.collab-proxy/Editor/ParentWindow.cs") state(2)
Script is not up to date after domain reload: guid(583732806f7c49c3aece28f1c2ad8d7b) path("Packages/com.unity.collab-proxy/Editor/CloudDrive/Workspaces/DirectoryContent/ItemsPosition.cs") state(2)
Script is not up to date after domain reload: guid(077387e98bf29fb4a97bccfb592cfaf7) path("Packages/com.unity.collab-proxy/Editor/Configuration/CloudEdition/Welcome/WaitingSignInPanel.cs") state(2)
Script is not up to date after domain reload: guid(9019d1f6d4a14cb49a269dbffb6ea011) path("Packages/com.unity.collab-proxy/Editor/UVCSConnectionMonitor.cs") state(2)
Script is not up to date after domain reload: guid(408f89d90a01494cbef838c7d21449a9) path("Packages/com.unity.collab-proxy/Editor/AssetOverlays/AssetOverlay.cs") state(2)
Script is not up to date after domain reload: guid(6de94dccb9344367a5c94b087d3cc1e2) path("Packages/com.unity.collab-proxy/Editor/CloudDrive/Workspaces/DirectoryContent/ProcessItemsGridViewEvent.cs") state(2)
Script is not up to date after domain reload: guid(397f62458d0ad3441aaaa1a738bd4f94) path("Packages/com.unity.collab-proxy/Editor/Views/Changesets/ChangesetsViewMenu.cs") state(2)
Script is not up to date after domain reload: guid(1c9b352f456640c9925a381f736ecb5d) path("Packages/com.unity.collab-proxy/Editor/Settings/DiffAndMergeOptionsFoldout.cs") state(2)
Script is not up to date after domain reload: guid(d6db53f93de967c489902da57a7290a1) path("Packages/com.unity.collab-proxy/Editor/Views/Merge/Developer/IsResolved.cs") state(2)
Script is not up to date after domain reload: guid(8e6494de947444dc9a132f39b8faa02c) path("Packages/com.unity.collab-proxy/Editor/UVCSToolbar/PopupWindow/BranchesList/ErrorEmptyState.cs") state(2)
Script is not up to date after domain reload: guid(fdec637f96aaa6546ad88a90cae5dcf1) path("Packages/com.unity.collab-proxy/Editor/AssetsUtils/Processor/WorkspaceOperationsMonitor.cs") state(2)
Script is not up to date after domain reload: guid(0a3ad267026374439be70d4b4cd3d4f7) path("Packages/com.unity.collab-proxy/Editor/UI/UnityStyles.cs") state(2)
Script is not up to date after domain reload: guid(471badd5c87fb154885f11cdf1b49a00) path("Packages/com.unity.collab-proxy/Editor/Views/Changesets/ChangesetsTab.cs") state(2)
Script is not up to date after domain reload: guid(a9298a2c04dfc944bbc6ea156f4e2104) path("Packages/com.unity.collab-proxy/Editor/Views/Welcome/WelcomeView.cs") state(2)
Script is not up to date after domain reload: guid(953c29d2e0dece647a64940343c91547) path("Packages/com.unity.collab-proxy/Editor/AssetOverlays/Cache/LockStatusCache.cs") state(2)
Script is not up to date after domain reload: guid(61c9e0bcd840dcb4f907e8cc9b89772a) path("Packages/com.unity.collab-proxy/Editor/StatusBar/GUIContentNotification.cs") state(2)
Script is not up to date after domain reload: guid(c8e89e66728f4cf4b2835b9e6c0a1690) path("Packages/com.unity.collab-proxy/Editor/Views/Shelves/ShelvesViewMenu.cs") state(2)
Script is not up to date after domain reload: guid(8c069d7fb0d30cf499458f0d9c9fe035) path("Packages/com.unity.collab-proxy/Editor/UI/Errors/ErrorsListHeaderState.cs") state(2)
Script is not up to date after domain reload: guid(f1969c6a4a44a474983058896f48d9f5) path("Packages/com.unity.collab-proxy/Editor/Configuration/SSOCredentialsDialog.cs") state(2)
Script is not up to date after domain reload: guid(f213e847b2dfa264ea3243bef42fbef0) path("Packages/com.unity.collab-proxy/Editor/UI/UIElements/ProgressControlsForDialogs.cs") state(2)
Script is not up to date after domain reload: guid(4b03b609705fa2945b8de9fb63a8ca68) path("Packages/com.unity.collab-proxy/Editor/Views/Labels/LabelsTab.cs") state(2)
Script is not up to date after domain reload: guid(e34298b6d08a46c4191e87726f21c0e5) path("Packages/com.unity.collab-proxy/Editor/CloudDrive/CloudDrivePlugin.cs") state(2)
Script is not up to date after domain reload: guid(d840e39b62104a49b973d5503477c555) path("Packages/com.unity.collab-proxy/Editor/OrganizationsInformation.cs") state(2)
Script is not up to date after domain reload: guid(9e592d81aca24e489c0bac69b894dd31) path("Packages/com.unity.collab-proxy/Editor/Views/Branch/SerializableBranchesTabState.cs") state(2)
Script is not up to date after domain reload: guid(f88a4e9dbb5a07744954a86cbb61d54f) path("Packages/com.unity.collab-proxy/Editor/Views/Merge/Developer/DirectoryConflicts/ConflictResolutionState.cs") state(2)
Script is not up to date after domain reload: guid(4932f8b3d8c26804bb16dc5cb5b766ce) path("Packages/com.unity.collab-proxy/Editor/WebApi/TokenExchangeResponse.cs") state(2)
Script is not up to date after domain reload: guid(193169bf9ce845319ec19a5beb1f3afb) path("Packages/com.unity.collab-proxy/Editor/RecommendToEnableManualCheckout.cs") state(2)
Script is not up to date after domain reload: guid(0188683ab76112f4897348feb19a3b77) path("Packages/com.unity.collab-proxy/Editor/Gluon/UpdateReport/ErrorListViewItem.cs") state(2)
Script is not up to date after domain reload: guid(d8da5f578b092c047880b2897f1adf08) path("Packages/com.unity.collab-proxy/Editor/UVCSToolbar/Headless/HeadlessGluonUpdateReport.cs") state(2)
Script is not up to date after domain reload: guid(2bd4f044bfa05a14ebd7f4e6dcd0fb74) path("Packages/com.unity.collab-proxy/Editor/StatusBar/INotificationContent.cs") state(2)
Script is not up to date after domain reload: guid(6fb9548ec1290b943b7beca241c81e7d) path("Packages/com.unity.collab-proxy/Editor/Views/Merge/Gluon/UnityIncomingChangesTree.cs") state(2)
Script is not up to date after domain reload: guid(e2ca16ee0b283be4f95ca8c96e549d3a) path("Packages/com.unity.collab-proxy/Editor/Views/Shelves/ShelvesSelection.cs") state(2)
Script is not up to date after domain reload: guid(63860c9f5f91cbb4ea813deafa1327a0) path("Packages/com.unity.collab-proxy/Editor/WebApi/SubscriptionDetailsResponse.cs") state(2)
Script is not up to date after domain reload: guid(40771e457c113c441b7ec6c975584675) path("Packages/com.unity.collab-proxy/Editor/PackageInfo.cs") state(2)
Script is not up to date after domain reload: guid(f79c84772bc81844fb9e662249f1e400) path("Packages/com.unity.collab-proxy/Editor/UI/CheckUnityException.cs") state(2)
Script is not up to date after domain reload: guid(38b05cc5af29cf844a31910eb512e92f) path("Packages/com.unity.collab-proxy/Editor/UI/Tree/TreeHeaderSettings.cs") state(2)
Script is not up to date after domain reload: guid(0314dccd274f6d14b9aed2d661164330) path("Packages/com.unity.collab-proxy/Editor/TestingPreference.cs") state(2)
Script is not up to date after domain reload: guid(3a4d62c64067bca4cbbd6f7fcad2e190) path("Packages/com.unity.collab-proxy/Editor/Views/DateFilter.cs") state(2)
Script is not up to date after domain reload: guid(f957d659be9dee74fb0f993b67b2d044) path("Packages/com.unity.collab-proxy/Editor/UVCSToolbar/Headless/HeadlessProgressControls.cs") state(2)
Script is not up to date after domain reload: guid(ea0c99d9630e5ca40ba541545beec9b8) path("Packages/com.unity.collab-proxy/Editor/UVCSNotification.cs") state(2)
Script is not up to date after domain reload: guid(75c9f3ad270d332499854cfab52bb2d7) path("Packages/com.unity.collab-proxy/Editor/UI/UndoRedo/UndoRedoTextArea.cs") state(2)
Script is not up to date after domain reload: guid(f4519099779a46cdb95ca9e1d96b7895) path("Packages/com.unity.collab-proxy/Editor/Views/Locks/LocksListViewItem.cs") state(2)
Script is not up to date after domain reload: guid(fe6ad6eb139a49f4a02d9794e934bd9c) path("Packages/com.unity.collab-proxy/Editor/Entities/HierarchyExtensions.cs") state(2)
Script is not up to date after domain reload: guid(85f4628ae66f0eb439e59db66adbc696) path("Packages/com.unity.collab-proxy/Editor/Configuration/CloudEdition/Welcome/SignInWithEmailPanel.cs") state(2)
Script is not up to date after domain reload: guid(25e3b426e5be4f64db3f9184fd625379) path("Packages/com.unity.collab-proxy/Editor/UI/CloseWindowIfOpened.cs") state(2)
Script is not up to date after domain reload: guid(f97de48c25074cb98c450adbdebf0dbb) path("Packages/com.unity.collab-proxy/Editor/_Deprecated/UI/CooldownWindowDelayer.cs") state(2)
Script is not up to date after domain reload: guid(50d82b3e371b7cc42abc2999039b19cb) path("Packages/com.unity.collab-proxy/Editor/Configuration/CredentialsUIImpl.cs") state(2)
Script is not up to date after domain reload: guid(1b909cb14b9a08c45b5d03f0b61feecb) path("Packages/com.unity.collab-proxy/Editor/Views/Branch/BranchesListView.cs") state(2)
Script is not up to date after domain reload: guid(d4892be964ca3214da1069b29deb0e5e) path("Packages/com.unity.collab-proxy/Editor/Views/Labels/LabelsListView.cs") state(2)
Script is not up to date after domain reload: guid(e26dd2ea146011948b8e7518465ea71a) path("Packages/com.unity.collab-proxy/Editor/UI/DialogWithCheckBox.cs") state(2)
Script is not up to date after domain reload: guid(f8686930677b1f44d9ad7deab4888955) path("Packages/com.unity.collab-proxy/Editor/Views/Merge/DrawMergeOverview.cs") state(2)
Script is not up to date after domain reload: guid(146c16184e337574f9f3baf6d467907a) path("Packages/com.unity.collab-proxy/Editor/Developer/UpdateReport/UpdateReportLineListViewItem.cs") state(2)
Script is not up to date after domain reload: guid(e7b15873dbe9463cad67af4fac8e41ba) path("Packages/com.unity.collab-proxy/Editor/Views/PendingChanges/PendingChangesMultiColumnHeader.cs") state(2)
Script is not up to date after domain reload: guid(f14e29936e8d4feb9bb398b7cbb8fd5a) path("Packages/com.unity.collab-proxy/Editor/CloudDrive/Workspaces/DirectoryContent/ItemsGridView.cs") state(2)
Script is not up to date after domain reload: guid(d3daa94b5fca9a648b12f6ef2aae752f) path("Packages/com.unity.collab-proxy/Editor/AssetsUtils/Processor/UVCSAssetsProcessor.cs") state(2)
Script is not up to date after domain reload: guid(788db2c7ca3c2804d912f447ffc19856) path("Packages/com.unity.collab-proxy/Editor/Views/CreateWorkspace/DrawCreateWorkspaceView.cs") state(2)
Script is not up to date after domain reload: guid(14c7ad7d838cc1d4691f5d9ca504f0ac) path("Packages/com.unity.collab-proxy/Editor/DrawGuiModeSwitcher.cs") state(2)
Script is not up to date after domain reload: guid(79a84f5f92624d57ae40a84a53bd9d24) path("Packages/com.unity.collab-proxy/Editor/UI/Errors/ErrorsPanel.cs") state(2)
Script is not up to date after domain reload: guid(f6aa8eca9e9e84840b73620eb177ea9e) path("Packages/com.unity.collab-proxy/Editor/CheckWorkspaceTreeNodeStatus.cs") state(2)
Script is not up to date after domain reload: guid(7ff9581aa143f4d41b4e351881b8f459) path("Packages/com.unity.collab-proxy/Editor/Views/Changesets/ChangesetsListHeaderState.cs") state(2)
Script is not up to date after domain reload: guid(896223e567b01c747b4726ef429e31ea) path("Packages/com.unity.collab-proxy/Editor/ViewSwitcher.cs") state(2)
Script is not up to date after domain reload: guid(bcc8e3fcf0e9fb0478604e86fa679bcd) path("Packages/com.unity.collab-proxy/Editor/Views/Shelves/ShelveListViewItem.cs") state(2)
Script is not up to date after domain reload: guid(c08cfcfc4c2c46c46940ed103538acae) path("Packages/com.unity.collab-proxy/Editor/UI/DrawActionButton.cs") state(2)
Script is not up to date after domain reload: guid(97b51e80cfabfe341958267f3d6c2ed6) path("Packages/com.unity.collab-proxy/Editor/UI/EntryBuilder.cs") state(2)
Script is not up to date after domain reload: guid(2bdca37e8ede38949a186765fa1eefc6) path("Packages/com.unity.collab-proxy/Editor/UI/ShowWindow.cs") state(2)
Script is not up to date after domain reload: guid(75e502da07ff345528edbecd094b5cb5) path("Packages/com.unity.collab-proxy/Editor/UI/DelayedActionBySecondsRunner.cs") state(2)
Script is not up to date after domain reload: guid(5294f667272fcb2438a79369c92cc7e7) path("Packages/com.unity.collab-proxy/Editor/Views/CreateWorkspace/CreateWorkspaceView.cs") state(2)
Script is not up to date after domain reload: guid(c0faad526f5548c1a53c288b045580b0) path("Packages/com.unity.collab-proxy/Editor/UI/DelayedActionByFramesRunner.cs") state(2)
Script is not up to date after domain reload: guid(c3cec769cd6ff2849aa09c811b62e611) path("Packages/com.unity.collab-proxy/Editor/Views/History/HistoryListViewMenu.cs") state(2)
Script is not up to date after domain reload: guid(802adf99bdbb1a3439a0a09ae5664192) path("Packages/com.unity.collab-proxy/Editor/AssetsUtils/SaveAssets.cs") state(2)
Script is not up to date after domain reload: guid(e436e24eba68eff48b3fb264ad0ab953) path("Packages/com.unity.collab-proxy/Editor/UI/EditorProgressControls.cs") state(2)
Script is not up to date after domain reload: guid(3ee6978573f6f410a9b799889ea0ad13) path("Packages/com.unity.collab-proxy/Editor/Views/PendingChanges/PendingMergeLinks/MergeLinksListView.cs") state(2)
Script is not up to date after domain reload: guid(2f1b1f864205414fb1d64a6c465e0378) path("Packages/com.unity.collab-proxy/Editor/UVCSToolbar/PopupWindow/ControlledPopupWindow.cs") state(2)
Script is not up to date after domain reload: guid(2e38b4690fec967478ecffad444155e6) path("Packages/com.unity.collab-proxy/Editor/_Deprecated/WebApi/OrganizationCredentials.cs") state(2)
Script is not up to date after domain reload: guid(1b769279d1324508b645aea1a29bae8c) path("Packages/com.unity.collab-proxy/Editor/Toolbar/UVCSToolbarButton.cs") state(2)
Script is not up to date after domain reload: guid(d06d818a8b620bd4fb87f10782aec42b) path("Packages/com.unity.collab-proxy/Editor/Views/Merge/Developer/DirectoryConflicts/AddMoveMenu.cs") state(2)
Script is not up to date after domain reload: guid(abdd7cad9f7d58546ac746130105711a) path("Packages/com.unity.collab-proxy/Editor/CloudDrive/CreateWorkspace/CreateWorkspaceView.cs") state(2)
Script is not up to date after domain reload: guid(aa3f399d17e1dcf4c9e417ffce5eb905) path("Packages/com.unity.collab-proxy/Editor/UI/Progress/ProgressControlsForDialogs.cs") state(2)
Script is not up to date after domain reload: guid(c63e2acf5cfd4816b950cf4bf6381b6f) path("Packages/com.unity.collab-proxy/Editor/CloudDrive/Workspaces/CloudWorkspacesView.cs") state(2)
Script is not up to date after domain reload: guid(4064021de8c73d44f9d4a0f99d80d5b0) path("Packages/com.unity.collab-proxy/Editor/CloudDrive/CloudDriveWindow.cs") state(2)
Script is not up to date after domain reload: guid(f4e5325f424d436485dacca7a8d05f0c) path("Packages/com.unity.collab-proxy/Editor/UVCSToolbar/PopupWindow/BranchesList/NoBranchesEmptyState.cs") state(2)
Script is not up to date after domain reload: guid(6000865ce7fbfc643abdd3d085b4422e) path("Packages/com.unity.collab-proxy/Editor/Views/Changesets/ChangesetListViewItem.cs") state(2)
Script is not up to date after domain reload: guid(1b0473213bc885840bb309ebce32b6fb) path("Packages/com.unity.collab-proxy/Editor/UVCSToolbar/Headless/HeadlessMergeViewLauncher.cs") state(2)
Script is not up to date after domain reload: guid(e2d43d3b3af668e4fb7dbf4f2b7384e5) path("Packages/com.unity.collab-proxy/Editor/UVCSToolbar/PopupWindow/Operations/UncontrolledPopupOperations.cs") state(2)
Script is not up to date after domain reload: guid(4acd46006c88d7844ac06086ca0b1481) path("Packages/com.unity.collab-proxy/Editor/UVCSToolbar/PopupWindow/Operations/ControlledPopupOperations.cs") state(2)
Script is not up to date after domain reload: guid(217d1c918b0005940b43c6099bbad952) path("Packages/com.unity.collab-proxy/Editor/Toolbar/UVCSToolbarBoostrap.cs") state(2)
Script is not up to date after domain reload: guid(f6b5d170f39144847822c10b478f25e5) path("Packages/com.unity.collab-proxy/Editor/Hub/ParseArguments.cs") state(2)
Script is not up to date after domain reload: guid(1f51551c797bb44418a61b0f18e6c604) path("Packages/com.unity.collab-proxy/Editor/Views/BrowseRepository/BrowseRepositoryPanel.cs") state(2)
Script is not up to date after domain reload: guid(12617ab1a25fb574c85cdfaf5129d59d) path("Packages/com.unity.collab-proxy/Editor/Views/Shelves/ShelvesListView.cs") state(2)
Script is not up to date after domain reload: guid(7deb947d51d34c76aa03ec6d3a07a4ec) path("Packages/com.unity.collab-proxy/Editor/CloudDrive/Workspaces/Tree/CloudWorkspacesTreeViewItem.cs") state(2)
Script is not up to date after domain reload: guid(b29af44841cd6644e876233cd057bc18) path("Packages/com.unity.collab-proxy/Editor/Views/CreateWorkspace/Dialogs/RepositoryExplorerDialog.cs") state(2)
Script is not up to date after domain reload: guid(d9369fa547ca81b4fafa42a3e74c1b7a) path("Packages/com.unity.collab-proxy/Editor/AssetsUtils/GetSelectedPaths.cs") state(2)
Script is not up to date after domain reload: guid(68d5bb402c52edc48b494a59b8971758) path("Packages/com.unity.collab-proxy/Editor/Configuration/EncryptionConfigurationDialog.cs") state(2)
Script is not up to date after domain reload: guid(db9d246046f68df409cf1f58ea3dcc68) path("Packages/com.unity.collab-proxy/Editor/_Deprecated/PlasticPlugin.cs") state(2)
Script is not up to date after domain reload: guid(1686ac2e1d109ed43bf2dec74fed784f) path("Packages/com.unity.collab-proxy/Editor/AssetMenu/AssetsSelection.cs") state(2)
Script is not up to date after domain reload: guid(31fe6c8e7de5e554b8d261d6870cde2b) path("Packages/com.unity.collab-proxy/Editor/Views/Labels/Dialogs/RenameLabelDialog.cs") state(2)
Script is not up to date after domain reload: guid(ade7225274b3d4c32a9eb7e64f83c5a1) path("Packages/com.unity.collab-proxy/Editor/Views/PendingChanges/ChangeCategoryTreeViewItem.cs") state(2)
Script is not up to date after domain reload: guid(b77071fd36e946809b40d79e6ba9fe8a) path("Packages/com.unity.collab-proxy/Editor/AssetsUtils/Processor/UnityCloudProjectLinkMonitor.cs") state(2)
Script is not up to date after domain reload: guid(1dc96db8ece508c4696f7e89c2cd11e3) path("Packages/com.unity.collab-proxy/Editor/UnityConfigurationChecker.cs") state(2)
Script is not up to date after domain reload: guid(41633509da720014cbd77f755b378ce7) path("Packages/com.unity.collab-proxy/Editor/Views/CreateWorkspace/CreateWorkspaceViewState.cs") state(2)
Script is not up to date after domain reload: guid(615ff93ab52eb8242a9194d4f711676f) path("Packages/com.unity.collab-proxy/Editor/Configuration/CloudEdition/Welcome/OrganizationPanel.cs") state(2)
Script is not up to date after domain reload: guid(5717b3e29bf6a2b48be2cf9d0707c505) path("Packages/com.unity.collab-proxy/Editor/UVCSToolbar/UVCSToolbar.cs") state(2)
Script is not up to date after domain reload: guid(7985a2b6ab3fac849929b1e2d51fe9cf) path("Packages/com.unity.collab-proxy/Editor/Hub/Operations/OperationParams.cs") state(2)
Script is not up to date after domain reload: guid(f3bae7db75ee4b749b96add6a75de44d) path("Packages/com.unity.collab-proxy/Editor/Views/BrowseRepository/BrowseRepositoryHeaderState.cs") state(2)
Script is not up to date after domain reload: guid(30e9a0b4c58f24512803e160e0216686) path("Packages/com.unity.collab-proxy/Editor/WorkspaceWindow.cs") state(2)
Launching external process: /Applications/Unity/Hub/Editor/2022.3.14f1/Unity.app/Contents/Tools/UnityShaderCompiler
Launched and connected shader compiler UnityShaderCompiler after 0.03 seconds
Refreshing native plugins compatible for Editor in 0.97 ms, found 2 plugins.
Preloading 0 native plugins for Editor in 0.00 ms.
Unloading 2847 Unused Serialized files (Serialized files now loaded: 0)
Unloading 29 unused Assets / (50.9 KB). Loaded Objects now: 3309.
Memory consumption went from 123.0 MB to 123.0 MB.
Total: 2.605917 ms (FindLiveObjects: 0.094458 ms CreateObjectMapping: 0.039625 ms MarkObjects: 2.379042 ms  DeleteObjects: 0.091917 ms)

AssetImportParameters requested are different than current active one (requested -> active):
  custom:container-demuxer-ogg: 62fdf1f143b41e24485cea50d1cbac27 -> 
  custom:scripting/precompiled-assembly-types:Unity.PlasticSCM.Editor: fa07261737969afd534745fdbb5a9ba0 -> 
  custom:scripting/monoscript/fileName/SSOCredentialsDialog.cs: e140ede12a96f68f30062138385171c3 -> 90647cc400823b41df847a6cbfc29026
  custom:video-decoder-ogg-theora: a1e56fd34408186e4bbccfd4996cb3dc -> 
  custom:container-demuxer-webm: 4f35f7cbe854078d1ac9338744f61a02 -> 
  custom:container-muxer-webm: aa71ff27fc2769a1b78a27578f13a17b -> 
  custom:video-decoder-webm-vp8: 9c59270c3fd7afecdb556c50c9e8de78 -> 
  custom:AudioImporter_EditorPlatform: 3918e3fc78b5a79bad01e8451be0beb8 -> 
  custom:framework-osx-AVFoundation: e770b220cccbd017edd2c1fefb359320 -> 
  custom:video-encoder-webm-vp8: eb34c28f22e8b96e1ab97ce403110664 -> 
  custom:audio-decoder-ogg-vorbis: bf7c407c2cedff20999df2af8eb42d56 -> 
  custom:scripting/monoscript/fileName/CloudEditionWelcomeWindow.cs: b1721e471183956468462f6b64901640 -> c1777a498406cd95bc755aaf92ab946f
  custom:audio-encoder-webm-vorbis: bf7c407c2cedff20999df2af8eb42d56 -> 
  custom:scripting/precompiled-assembly-types:unityplastic: 80ce6fce021ee75cb20edaadb7bf11e0 -> 23bc03ed010f4c247b57ad87cc1f414b
========================================================================
Received Prepare
Refreshing native plugins compatible for Editor in 1.03 ms, found 2 plugins.
Preloading 0 native plugins for Editor in 0.00 ms.
Unloading 385 Unused Serialized files (Serialized files now loaded: 0)
Unloading 1 unused Assets / (22.7 KB). Loaded Objects now: 3693.
Memory consumption went from 84.3 MB to 84.3 MB.
Total: 2.774666 ms (FindLiveObjects: 0.140250 ms CreateObjectMapping: 0.045333 ms MarkObjects: 2.570917 ms  DeleteObjects: 0.017375 ms)

Prepare: number of updated asset objects reloaded= 0
AssetImportParameters requested are different than current active one (requested -> active):
  custom:container-demuxer-ogg: 62fdf1f143b41e24485cea50d1cbac27 -> 
  custom:scripting/precompiled-assembly-types:Unity.PlasticSCM.Editor: fa07261737969afd534745fdbb5a9ba0 -> 
  custom:scripting/monoscript/fileName/SSOCredentialsDialog.cs: e140ede12a96f68f30062138385171c3 -> 90647cc400823b41df847a6cbfc29026
  custom:video-decoder-ogg-theora: a1e56fd34408186e4bbccfd4996cb3dc -> 
  custom:container-demuxer-webm: 4f35f7cbe854078d1ac9338744f61a02 -> 
  custom:container-muxer-webm: aa71ff27fc2769a1b78a27578f13a17b -> 
  custom:video-decoder-webm-vp8: 9c59270c3fd7afecdb556c50c9e8de78 -> 
  custom:SearchIndexIgnoredProperties: e643bd26f0fe6173181afceb89e7c659 -> 
  custom:AudioImporter_EditorPlatform: 3918e3fc78b5a79bad01e8451be0beb8 -> 
  custom:framework-osx-AVFoundation: e770b220cccbd017edd2c1fefb359320 -> 
  custom:video-encoder-webm-vp8: eb34c28f22e8b96e1ab97ce403110664 -> 
  custom:audio-decoder-ogg-vorbis: bf7c407c2cedff20999df2af8eb42d56 -> 
  custom:scripting/monoscript/fileName/CloudEditionWelcomeWindow.cs: b1721e471183956468462f6b64901640 -> c1777a498406cd95bc755aaf92ab946f
  custom:audio-encoder-webm-vorbis: bf7c407c2cedff20999df2af8eb42d56 -> 
  custom:scripting/precompiled-assembly-types:unityplastic: 80ce6fce021ee75cb20edaadb7bf11e0 -> 23bc03ed010f4c247b57ad87cc1f414b
